{
  "properties": {
    "connectionReferences": {
      "shared_webcontents": {
        "runtimeSource": "invoker",
        "connection": {
          "connectionReferenceLogicalName": "ya_sharedwebcontents_2c51d"
        },
        "api": {
          "name": "shared_webcontents"
        }
      }
    },
    "definition": {
      "$schema": "https://schema.management.azure.com/providers/Microsoft.Logic/schemas/2016-06-01/workflowdefinition.json#",
      "contentVersion": "1.0.0.0",
      "parameters": {
        "$connections": {
          "defaultValue": {},
          "type": "Object"
        },
        "$authentication": {
          "defaultValue": {},
          "type": "SecureObject"
        }
      },
      "triggers": {
        "manual": {
          "metadata": {
            "operationMetadataId": "31f5c8f4-0799-4ef3-9d6c-78d4d540eab0"
          },
          "type": "Request",
          "kind": "Button",
          "inputs": {
            "schema": {
              "type": "object",
              "properties": {
                "text": {
                  "title": "SourceSchemaName",
                  "type": "string",
                  "x-ms-dynamically-added": true,
                  "description": "複製元テーブルのスキーマ名を指定してください（例：ya_Customer）",
                  "x-ms-content-hint": "TEXT"
                },
                "text_3": {
                  "title": "SourceCollectionSchemaName",
                  "type": "string",
                  "x-ms-dynamically-added": true,
                  "description": "複製元テーブルのスキーマ名の複数形を指定してください（例：ya_Customers）（省略可）",
                  "x-ms-content-hint": "TEXT"
                }
              },
              "required": [
                "text"
              ]
            }
          }
        }
      },
      "actions": {
        "テーブル定義を取得する": {
          "runAfter": {
            "OrganizationURIを初期化する": [
              "Succeeded"
            ]
          },
          "metadata": {
            "operationMetadataId": "63154bb3-e103-46cf-b1dd-d748f024912d"
          },
          "type": "OpenApiConnection",
          "inputs": {
            "host": {
              "connectionName": "shared_webcontents",
              "operationId": "InvokeHttp",
              "apiId": "/providers/Microsoft.PowerApps/apis/shared_webcontents"
            },
            "parameters": {
              "request/method": "GET",
              "request/url": "@{variables('OrganizationURI')}/api/data/v9.2/EntityDefinitions(LogicalName='@{variables('LogicalNames')?['Source']}')",
              "request/headers": {
                "Content-Type": "application/json; charset=utf-8",
                "OData-MaxVersion": "4.0",
                "OData-Version": "4.0",
                "Accept": "application/json"
              }
            },
            "authentication": {
              "type": "Raw",
              "value": "@json(decodeBase64(triggerOutputs().headers['X-MS-APIM-Tokens']))['$ConnectionKey']"
            }
          },
          "description": "https://orgfa5b0cd9.crm7.dynamics.com variables('LogicalNames')?['Source']"
        },
        "OrganizationURIを初期化する": {
          "runAfter": {
            "LogicalNamesを初期化する": [
              "Succeeded"
            ]
          },
          "metadata": {
            "operationMetadataId": "91014e03-f641-4405-85c2-baf48ad847db"
          },
          "type": "InitializeVariable",
          "inputs": {
            "variables": [
              {
                "name": "OrganizationURI",
                "type": "string",
                "value": "https://orgfa5b0cd9.crm7.dynamics.com"
              }
            ]
          }
        },
        "EntityDefinitionを初期化する": {
          "runAfter": {
            "テーブル列定義を取得する": [
              "Succeeded"
            ]
          },
          "metadata": {
            "operationMetadataId": "96554a20-9334-4245-9c43-ff691bbc4f67"
          },
          "type": "InitializeVariable",
          "inputs": {
            "variables": [
              {
                "name": "EntityDefinition",
                "type": "object",
                "value": "@body('テーブル定義を取得する')"
              }
            ]
          },
          "description": "body('テーブル定義を取得する')"
        },
        "SchemaNamesを初期化する": {
          "runAfter": {},
          "metadata": {
            "operationMetadataId": "1eba8a37-2f36-47c3-a956-bdc9b53fcabb"
          },
          "type": "InitializeVariable",
          "inputs": {
            "variables": [
              {
                "name": "SchemaNames",
                "type": "object",
                "value": {
                  "Source": "@{triggerBody()['text']}",
                  "SourceCol": "@{if(empty(coalesce(triggerBody()?['text_3'], '')), concat(triggerBody()['text'], 's'), triggerBody()['text_3'])}"
                }
              }
            ]
          },
          "description": "triggerBody()['text'] if(empty(coalesce(triggerBody()?['text_3'], '')), concat(triggerBody()['text'], 's'), triggerBody()['text_3'])"
        },
        "LogicalNamesを初期化する": {
          "runAfter": {
            "SchemaNamesを初期化する": [
              "Succeeded"
            ]
          },
          "metadata": {
            "operationMetadataId": "910aee01-4da1-4667-8ffa-df8b0eb9a9fc"
          },
          "type": "InitializeVariable",
          "inputs": {
            "variables": [
              {
                "name": "LogicalNames",
                "type": "object",
                "value": {
                  "Source": "@{toLower(variables('SchemaNames')?['Source'])}",
                  "SourceCol": "@{toLower(variables('SchemaNames')?['SourceCol'])}"
                }
              }
            ]
          },
          "description": "toLower(variables('SchemaNames')?['Source']) toLower(variables('SchemaNames')?['SourceCol'])"
        },
        "テーブル列定義を取得する": {
          "runAfter": {
            "テーブル定義を取得する": [
              "Succeeded"
            ]
          },
          "metadata": {
            "operationMetadataId": "63154bb3-e103-46cf-b1dd-d748f024912d"
          },
          "type": "OpenApiConnection",
          "inputs": {
            "host": {
              "connectionName": "shared_webcontents",
              "operationId": "InvokeHttp",
              "apiId": "/providers/Microsoft.PowerApps/apis/shared_webcontents"
            },
            "parameters": {
              "request/method": "GET",
              "request/url": "@{variables('OrganizationURI')}/api/data/v9.2/EntityDefinitions(LogicalName='@{variables('LogicalNames')?['Source']}')/Attributes",
              "request/headers": {
                "Content-Type": "application/json; charset=utf-8",
                "OData-MaxVersion": "4.0",
                "OData-Version": "4.0",
                "Accept": "application/json"
              }
            },
            "authentication": {
              "type": "Raw",
              "value": "@json(decodeBase64(triggerOutputs().headers['X-MS-APIM-Tokens']))['$ConnectionKey']"
            }
          },
          "description": "https://orgfa5b0cd9.crm7.dynamics.com variables('LogicalNames')?['Source']"
        },
        "AttributeDefinitionを初期化する": {
          "runAfter": {
            "EntityDefinitionを初期化する": [
              "Succeeded"
            ]
          },
          "metadata": {
            "operationMetadataId": "96554a20-9334-4245-9c43-ff691bbc4f67"
          },
          "type": "InitializeVariable",
          "inputs": {
            "variables": [
              {
                "name": "AttributeDefinition",
                "type": "array",
                "value": "@body('テーブル列定義を取得する')?['value']"
              }
            ]
          },
          "description": "body('テーブル列定義を取得する')?['value']"
        },
        "GetPrimaryNameAttribute": {
          "runAfter": {
            "AttributeDefinitionを初期化する": [
              "Succeeded"
            ]
          },
          "metadata": {
            "operationMetadataId": "38831bf9-fecb-4c80-9ced-0a4633808d64"
          },
          "type": "Query",
          "inputs": {
            "from": "@variables('AttributeDefinition')",
            "where": "@equals(item()?['IsPrimaryName'],true)"
          },
          "description": "variables('AttributeDefinition') equals(item()?['IsPrimaryName'],true)"
        },
        "GetCustomAttributes": {
          "runAfter": {
            "GetPrimaryNameAttribute": [
              "Succeeded"
            ]
          },
          "metadata": {
            "operationMetadataId": "d84cd48e-7457-45ae-9c05-859d620fce34"
          },
          "type": "Query",
          "inputs": {
            "from": "@variables('AttributeDefinition')",
            "where": "@equals(item()?['IsCustomAttribute'],true)"
          },
          "description": "variables('AttributeDefinition') equals(item()?['IsCustomAttribute'],true)"
        },
        "列ごとに適用する": {
          "foreach": "@body('GetCustomAttributes')",
          "actions": {
            "odataType": {
              "runAfter": {},
              "cases": {
                "PicklistAttributeMetadata": {
                  "case": "#Microsoft.Dynamics.CRM.PicklistAttributeMetadata",
                  "actions": {
                    "テーブル列OptionSet定義を取得する": {
                      "runAfter": {},
                      "metadata": {
                        "operationMetadataId": "63154bb3-e103-46cf-b1dd-d748f024912d"
                      },
                      "type": "OpenApiConnection",
                      "inputs": {
                        "host": {
                          "connectionName": "shared_webcontents",
                          "operationId": "InvokeHttp",
                          "apiId": "/providers/Microsoft.PowerApps/apis/shared_webcontents"
                        },
                        "parameters": {
                          "request/method": "GET",
                          "request/url": "@{variables('OrganizationURI')}/api/data/v9.2/EntityDefinitions(LogicalName='@{variables('LogicalNames')?['Source']}')/Attributes(LogicalName='@{items('列ごとに適用する')?['LogicalName']}')/Microsoft.Dynamics.CRM.PicklistAttributeMetadata?$select=SchemaName&$expand=OptionSet",
                          "request/headers": {
                            "Content-Type": "application/json; charset=utf-8",
                            "OData-MaxVersion": "4.0",
                            "OData-Version": "4.0",
                            "Accept": "application/json"
                          }
                        },
                        "authentication": {
                          "type": "Raw",
                          "value": "@json(decodeBase64(triggerOutputs().headers['X-MS-APIM-Tokens']))['$ConnectionKey']"
                        }
                      },
                      "description": "https://orgfa5b0cd9.crm7.dynamics.com variables('LogicalNames')?['Source'] items('列ごとに適用する')?['LogicalName']"
                    }
                  }
                }
              },
              "default": {
                "actions": {
                  "テーブル列Default定義を取得する": {
                    "runAfter": {},
                    "metadata": {
                      "operationMetadataId": "63154bb3-e103-46cf-b1dd-d748f024912d"
                    },
                    "type": "OpenApiConnection",
                    "inputs": {
                      "host": {
                        "connectionName": "shared_webcontents",
                        "operationId": "InvokeHttp",
                        "apiId": "/providers/Microsoft.PowerApps/apis/shared_webcontents"
                      },
                      "parameters": {
                        "request/method": "GET",
                        "request/url": "@{variables('OrganizationURI')}/api/data/v9.2/EntityDefinitions(LogicalName='@{variables('LogicalNames')?['Source']}')/Attributes(LogicalName='@{items('列ごとに適用する')?['LogicalName']}')",
                        "request/headers": {
                          "Content-Type": "application/json; charset=utf-8",
                          "OData-MaxVersion": "4.0",
                          "OData-Version": "4.0",
                          "Accept": "application/json"
                        }
                      },
                      "authentication": {
                        "type": "Raw",
                        "value": "@json(decodeBase64(triggerOutputs().headers['X-MS-APIM-Tokens']))['$ConnectionKey']"
                      }
                    },
                    "description": "https://orgfa5b0cd9.crm7.dynamics.com variables('LogicalNames')?['Source'] items('列ごとに適用する')?['LogicalName']"
                  }
                }
              },
              "expression": "@coalesce(item()?['@odata.type'], '')",
              "metadata": {
                "operationMetadataId": "e3afd8f7-5233-453e-8ec2-a54debcb30d6"
              },
              "type": "Switch",
              "description": "coalesce(item()?['@odata.type'], '')"
            }
          },
          "runAfter": {
            "GetCustomAttributes": [
              "Succeeded"
            ]
          },
          "metadata": {
            "operationMetadataId": "061e7f45-55ba-4244-845b-64bfb0e226ee"
          },
          "type": "Foreach",
          "description": "body('GetCustomAttributes')"
        }
      }
    },
    "templateName": ""
  },
  "schemaVersion": "1.0.0.0"
}