{
  "properties": {
    "connectionReferences": {
      "shared_webcontents": {
        "api": {
          "name": "shared_webcontents"
        },
        "connection": {
          "connectionReferenceLogicalName": "ya_sharedwebcontents_2c51d"
        },
        "runtimeSource": "invoker"
      }
    },
    "definition": {
      "$schema": "https://schema.management.azure.com/providers/Microsoft.Logic/schemas/2016-06-01/workflowdefinition.json#",
      "contentVersion": "1.0.0.0",
      "parameters": {
        "$authentication": {
          "defaultValue": {},
          "type": "SecureObject"
        },
        "$connections": {
          "defaultValue": {},
          "type": "Object"
        }
      },
      "triggers": {
        "manual": {
          "type": "Request",
          "kind": "Button",
          "inputs": {
            "schema": {
              "type": "object",
              "properties": {
                "text": {
                  "title": "SourceSchemaName",
                  "type": "string",
                  "x-ms-dynamically-added": true,
                  "description": "複製元テーブルのスキーマ名を指定してください（例：ya_Customer）",
                  "x-ms-content-hint": "TEXT"
                },
                "text_3": {
                  "title": "SourceCollectionSchemaName",
                  "type": "string",
                  "x-ms-dynamically-added": true,
                  "description": "複製元テーブルのスキーマ名の複数形を指定してください（例：ya_Customers）（省略可）",
                  "x-ms-content-hint": "TEXT"
                }
              },
              "required": [
                "text"
              ]
            }
          },
          "metadata": {
            "operationMetadataId": "31f5c8f4-0799-4ef3-9d6c-78d4d540eab0"
          }
        }
      },
      "actions": {
        "OrganizationURIを初期化する": {
          "type": "InitializeVariable",
          "inputs": {
            "variables": [
              {
                "name": "OrganizationURI",
                "type": "string",
                "value": "https://orgfa5b0cd9.crm7.dynamics.com"
              }
            ]
          },
          "runAfter": {
            "LogicalNamesを初期化する": [
              "Succeeded"
            ]
          },
          "metadata": {
            "operationMetadataId": "91014e03-f641-4405-85c2-baf48ad847db"
          }
        },
        "SchemaNamesを初期化する": {
          "type": "InitializeVariable",
          "description": "triggerBody()['text'] if(empty(coalesce(triggerBody()?['text_3'], '')), concat(triggerBody()['text'], 's'), triggerBody()['text_3'])",
          "inputs": {
            "variables": [
              {
                "name": "SchemaNames",
                "type": "object",
                "value": {
                  "Source": "@{triggerBody()['text']}",
                  "SourceCol": "@{if(empty(coalesce(triggerBody()?['text_3'], '')), concat(triggerBody()['text'], 's'), triggerBody()['text_3'])}"
                }
              }
            ]
          },
          "runAfter": {},
          "metadata": {
            "operationMetadataId": "1eba8a37-2f36-47c3-a956-bdc9b53fcabb"
          }
        },
        "LogicalNamesを初期化する": {
          "type": "InitializeVariable",
          "description": "toLower(variables('SchemaNames')?['Source']) toLower(variables('SchemaNames')?['SourceCol'])",
          "inputs": {
            "variables": [
              {
                "name": "LogicalNames",
                "type": "object",
                "value": {
                  "Source": "@{toLower(variables('SchemaNames')?['Source'])}",
                  "SourceCol": "@{toLower(variables('SchemaNames')?['SourceCol'])}"
                }
              }
            ]
          },
          "runAfter": {
            "SchemaNamesを初期化する": [
              "Succeeded"
            ]
          },
          "metadata": {
            "operationMetadataId": "910aee01-4da1-4667-8ffa-df8b0eb9a9fc"
          }
        },
        "Attribute": {
          "type": "Scope",
          "actions": {
            "GetPrimaryNameAttribute": {
              "type": "Query",
              "description": "variables('AttributeDefinition') equals(item()?['IsPrimaryName'],true)",
              "inputs": {
                "from": "@variables('AttributeDefinition')",
                "where": "@equals(item()?['IsPrimaryName'],true)"
              },
              "metadata": {
                "operationMetadataId": "38831bf9-fecb-4c80-9ced-0a4633808d64"
              }
            },
            "GetSystemAttributes": {
              "type": "Query",
              "description": "variables('AttributeDefinition') equals(item()?['IsCustomAttribute'],false)",
              "inputs": {
                "from": "@variables('AttributeDefinition')",
                "where": "@equals(item()?['IsCustomAttribute'],false)"
              },
              "runAfter": {
                "GetPrimaryNameAttribute": [
                  "SUCCEEDED"
                ]
              },
              "metadata": {
                "operationMetadataId": "d84cd48e-7457-45ae-9c05-859d620fce34"
              }
            },
            "GetCustomAttributes": {
              "type": "Query",
              "description": "variables('AttributeDefinition') equals(item()?['IsCustomAttribute'],true)",
              "inputs": {
                "from": "@variables('AttributeDefinition')",
                "where": "@equals(item()?['IsCustomAttribute'],true)"
              },
              "runAfter": {
                "GetSystemAttributes": [
                  "SUCCEEDED"
                ]
              },
              "metadata": {
                "operationMetadataId": "d84cd48e-7457-45ae-9c05-859d620fce34"
              }
            },
            "SystemAttributes列ごとに適用する": {
              "type": "Foreach",
              "description": "body('GetSystemAttributes')",
              "foreach": "@body('GetSystemAttributes')",
              "actions": {
                "odataType": {
                  "type": "Switch",
                  "description": "coalesce(item()?['@odata.type'], '')",
                  "expression": "@coalesce(item()?['@odata.type'], '')",
                  "default": {
                    "actions": {
                      "テーブル列Default定義を取得する": {
                        "type": "OpenApiConnection",
                        "description": "https://orgfa5b0cd9.crm7.dynamics.com variables('LogicalNames')?['Source'] items('列ごとに適用する')?['LogicalName']",
                        "inputs": {
                          "parameters": {
                            "request/method": "GET",
                            "request/url": "@{variables('OrganizationURI')}/api/data/v9.2/EntityDefinitions(LogicalName='@{variables('LogicalNames')?['Source']}')/Attributes(LogicalName='@{items('SystemAttributes列ごとに適用する')?['LogicalName']}')",
                            "request/headers": {
                              "Content-Type": "application/json; charset=utf-8",
                              "OData-MaxVersion": "4.0",
                              "OData-Version": "4.0",
                              "Accept": "application/json"
                            }
                          },
                          "host": {
                            "apiId": "/providers/Microsoft.PowerApps/apis/shared_webcontents",
                            "operationId": "InvokeHttp",
                            "connectionName": "shared_webcontents"
                          }
                        },
                        "metadata": {
                          "operationMetadataId": "63154bb3-e103-46cf-b1dd-d748f024912d"
                        }
                      }
                    }
                  },
                  "cases": {
                    "Picklist": {
                      "actions": {
                        "Picklist列OptionSet定義を取得する": {
                          "type": "OpenApiConnection",
                          "description": "https://orgfa5b0cd9.crm7.dynamics.com variables('LogicalNames')?['Source'] items('列ごとに適用する')?['LogicalName']",
                          "inputs": {
                            "parameters": {
                              "request/method": "GET",
                              "request/url": "@{variables('OrganizationURI')}/api/data/v9.2/EntityDefinitions(LogicalName='@{variables('LogicalNames')?['Source']}')/Attributes(LogicalName='@{items('SystemAttributes列ごとに適用する')?['LogicalName']}')/Microsoft.Dynamics.CRM.PicklistAttributeMetadata?$expand=OptionSet,GlobalOptionSet",
                              "request/headers": {
                                "Content-Type": "application/json; charset=utf-8",
                                "OData-MaxVersion": "4.0",
                                "OData-Version": "4.0",
                                "Accept": "application/json"
                              }
                            },
                            "host": {
                              "apiId": "/providers/Microsoft.PowerApps/apis/shared_webcontents",
                              "operationId": "InvokeHttp",
                              "connectionName": "shared_webcontents"
                            }
                          },
                          "metadata": {
                            "operationMetadataId": "63154bb3-e103-46cf-b1dd-d748f024912d"
                          }
                        }
                      },
                      "case": "#Microsoft.Dynamics.CRM.PicklistAttributeMetadata"
                    },
                    "MultiSelectPicklist": {
                      "actions": {
                        "MultiSelectPicklist列OptionSet定義を取得する": {
                          "type": "OpenApiConnection",
                          "description": "https://orgfa5b0cd9.crm7.dynamics.com variables('LogicalNames')?['Source'] items('列ごとに適用する')?['LogicalName']",
                          "inputs": {
                            "parameters": {
                              "request/method": "GET",
                              "request/url": "@{variables('OrganizationURI')}/api/data/v9.2/EntityDefinitions(LogicalName='@{variables('LogicalNames')?['Source']}')/Attributes(LogicalName='@{items('SystemAttributes列ごとに適用する')?['LogicalName']}')/Microsoft.Dynamics.CRM.MultiSelectPicklistAttributeMetadata?$expand=OptionSet,GlobalOptionSet",
                              "request/headers": {
                                "Content-Type": "application/json; charset=utf-8",
                                "OData-MaxVersion": "4.0",
                                "OData-Version": "4.0",
                                "Accept": "application/json"
                              }
                            },
                            "host": {
                              "apiId": "/providers/Microsoft.PowerApps/apis/shared_webcontents",
                              "operationId": "InvokeHttp",
                              "connectionName": "shared_webcontents"
                            }
                          },
                          "metadata": {
                            "operationMetadataId": "e25184a9-1a49-45cc-9525-e9231a4a141e"
                          }
                        }
                      },
                      "case": "#Microsoft.Dynamics.CRM.MultiSelectPicklistAttributeMetadata"
                    }
                  },
                  "metadata": {
                    "operationMetadataId": "e3afd8f7-5233-453e-8ec2-a54debcb30d6"
                  }
                }
              },
              "runAfter": {
                "GetCustomAttributes": [
                  "SUCCEEDED"
                ]
              },
              "metadata": {
                "operationMetadataId": "061e7f45-55ba-4244-845b-64bfb0e226ee"
              }
            },
            "CustomAttributes列ごとに適用する": {
              "type": "Foreach",
              "description": "body('GetCustomAttributes')",
              "foreach": "@body('GetCustomAttributes')",
              "actions": {
                "odataType_1": {
                  "type": "Switch",
                  "description": "coalesce(item()?['@odata.type'], '')",
                  "expression": "@coalesce(item()?['@odata.type'], '')",
                  "default": {
                    "actions": {
                      "テーブル列Default定義を取得する_1": {
                        "type": "OpenApiConnection",
                        "description": "https://orgfa5b0cd9.crm7.dynamics.com variables('LogicalNames')?['Source'] items('列ごとに適用する')?['LogicalName']",
                        "inputs": {
                          "parameters": {
                            "request/method": "GET",
                            "request/url": "@{variables('OrganizationURI')}/api/data/v9.2/EntityDefinitions(LogicalName='@{variables('LogicalNames')?['Source']}')/Attributes(LogicalName='@{items('CustomAttributes列ごとに適用する')?['LogicalName']}')",
                            "request/headers": {
                              "Content-Type": "application/json; charset=utf-8",
                              "OData-MaxVersion": "4.0",
                              "OData-Version": "4.0",
                              "Accept": "application/json"
                            }
                          },
                          "host": {
                            "apiId": "/providers/Microsoft.PowerApps/apis/shared_webcontents",
                            "operationId": "InvokeHttp",
                            "connectionName": "shared_webcontents"
                          }
                        },
                        "metadata": {
                          "operationMetadataId": "63154bb3-e103-46cf-b1dd-d748f024912d"
                        }
                      }
                    }
                  },
                  "cases": {
                    "Picklist_1": {
                      "actions": {
                        "Picklist列OptionSet定義を取得する_1": {
                          "type": "OpenApiConnection",
                          "description": "https://orgfa5b0cd9.crm7.dynamics.com variables('LogicalNames')?['Source'] items('列ごとに適用する')?['LogicalName']",
                          "inputs": {
                            "parameters": {
                              "request/method": "GET",
                              "request/url": "@{variables('OrganizationURI')}/api/data/v9.2/EntityDefinitions(LogicalName='@{variables('LogicalNames')?['Source']}')/Attributes(LogicalName='@{items('CustomAttributes列ごとに適用する')?['LogicalName']}')/Microsoft.Dynamics.CRM.PicklistAttributeMetadata?$expand=OptionSet,GlobalOptionSet",
                              "request/headers": {
                                "Content-Type": "application/json; charset=utf-8",
                                "OData-MaxVersion": "4.0",
                                "OData-Version": "4.0",
                                "Accept": "application/json"
                              }
                            },
                            "host": {
                              "apiId": "/providers/Microsoft.PowerApps/apis/shared_webcontents",
                              "operationId": "InvokeHttp",
                              "connectionName": "shared_webcontents"
                            }
                          },
                          "metadata": {
                            "operationMetadataId": "63154bb3-e103-46cf-b1dd-d748f024912d"
                          }
                        }
                      },
                      "case": "#Microsoft.Dynamics.CRM.PicklistAttributeMetadata"
                    },
                    "MultiSelectPicklist_1": {
                      "actions": {
                        "MultiSelectPicklist列OptionSet定義を取得する_1": {
                          "type": "OpenApiConnection",
                          "description": "https://orgfa5b0cd9.crm7.dynamics.com variables('LogicalNames')?['Source'] items('列ごとに適用する')?['LogicalName']",
                          "inputs": {
                            "parameters": {
                              "request/method": "GET",
                              "request/url": "@{variables('OrganizationURI')}/api/data/v9.2/EntityDefinitions(LogicalName='@{variables('LogicalNames')?['Source']}')/Attributes(LogicalName='@{items('CustomAttributes列ごとに適用する')?['LogicalName']}')/Microsoft.Dynamics.CRM.MultiSelectPicklistAttributeMetadata?$expand=OptionSet,GlobalOptionSet",
                              "request/headers": {
                                "Content-Type": "application/json; charset=utf-8",
                                "OData-MaxVersion": "4.0",
                                "OData-Version": "4.0",
                                "Accept": "application/json"
                              }
                            },
                            "host": {
                              "apiId": "/providers/Microsoft.PowerApps/apis/shared_webcontents",
                              "operationId": "InvokeHttp",
                              "connectionName": "shared_webcontents"
                            }
                          },
                          "metadata": {
                            "operationMetadataId": "e25184a9-1a49-45cc-9525-e9231a4a141e"
                          }
                        }
                      },
                      "case": "#Microsoft.Dynamics.CRM.MultiSelectPicklistAttributeMetadata"
                    }
                  },
                  "metadata": {
                    "operationMetadataId": "e3afd8f7-5233-453e-8ec2-a54debcb30d6"
                  }
                }
              },
              "runAfter": {
                "SystemAttributes列ごとに適用する": [
                  "SUCCEEDED"
                ]
              },
              "metadata": {
                "operationMetadataId": "061e7f45-55ba-4244-845b-64bfb0e226ee"
              }
            }
          },
          "runAfter": {
            "AttributeDefinitionを初期化する": [
              "SUCCEEDED"
            ]
          }
        },
        "Relationship": {
          "type": "Scope",
          "actions": {},
          "runAfter": {
            "ManyToManyDefinitionを初期化する": [
              "SUCCEEDED"
            ]
          }
        },
        "テーブル定義を取得する": {
          "type": "OpenApiConnection",
          "description": "https://orgfa5b0cd9.crm7.dynamics.com variables('LogicalNames')?['Source']",
          "inputs": {
            "parameters": {
              "request/method": "GET",
              "request/url": "@{variables('OrganizationURI')}/api/data/v9.2/EntityDefinitions(LogicalName='@{variables('LogicalNames')?['Source']}')",
              "request/headers": {
                "Content-Type": "application/json; charset=utf-8",
                "OData-MaxVersion": "4.0",
                "OData-Version": "4.0",
                "Accept": "application/json"
              }
            },
            "host": {
              "apiId": "/providers/Microsoft.PowerApps/apis/shared_webcontents",
              "operationId": "InvokeHttp",
              "connectionName": "shared_webcontents"
            }
          },
          "runAfter": {
            "OrganizationURIを初期化する": [
              "Succeeded"
            ]
          },
          "metadata": {
            "operationMetadataId": "63154bb3-e103-46cf-b1dd-d748f024912d"
          }
        },
        "EntityDefinitionを初期化する": {
          "type": "InitializeVariable",
          "description": "body('テーブル定義を取得する')",
          "inputs": {
            "variables": [
              {
                "name": "EntityDefinition",
                "type": "object",
                "value": "@body('テーブル定義を取得する')"
              }
            ]
          },
          "runAfter": {
            "テーブル定義を取得する": [
              "SUCCEEDED"
            ]
          },
          "metadata": {
            "operationMetadataId": "96554a20-9334-4245-9c43-ff691bbc4f67"
          }
        },
        "テーブル列定義を取得する": {
          "type": "OpenApiConnection",
          "description": "https://orgfa5b0cd9.crm7.dynamics.com variables('LogicalNames')?['Source']",
          "inputs": {
            "parameters": {
              "request/method": "GET",
              "request/url": "@{variables('OrganizationURI')}/api/data/v9.2/EntityDefinitions(LogicalName='@{variables('LogicalNames')?['Source']}')/Attributes",
              "request/headers": {
                "Content-Type": "application/json; charset=utf-8",
                "OData-MaxVersion": "4.0",
                "OData-Version": "4.0",
                "Accept": "application/json"
              }
            },
            "host": {
              "apiId": "/providers/Microsoft.PowerApps/apis/shared_webcontents",
              "operationId": "InvokeHttp",
              "connectionName": "shared_webcontents"
            }
          },
          "runAfter": {
            "EntityDefinitionを初期化する": [
              "Succeeded"
            ]
          },
          "metadata": {
            "operationMetadataId": "63154bb3-e103-46cf-b1dd-d748f024912d"
          }
        },
        "AttributeDefinitionを初期化する": {
          "type": "InitializeVariable",
          "description": "body('テーブル列定義を取得する')?['value']",
          "inputs": {
            "variables": [
              {
                "name": "AttributeDefinition",
                "type": "array",
                "value": "@body('テーブル列定義を取得する')?['value']"
              }
            ]
          },
          "runAfter": {
            "テーブル列定義を取得する": [
              "SUCCEEDED"
            ]
          },
          "metadata": {
            "operationMetadataId": "96554a20-9334-4245-9c43-ff691bbc4f67"
          }
        },
        "テーブル関連OneToManyRelationships定義を取得する": {
          "type": "OpenApiConnection",
          "description": "https://orgfa5b0cd9.crm7.dynamics.com variables('LogicalNames')?['Source']",
          "inputs": {
            "parameters": {
              "request/method": "GET",
              "request/url": "@{variables('OrganizationURI')}/api/data/v9.2/EntityDefinitions(LogicalName='@{variables('LogicalNames')?['Source']}')/OneToManyRelationships",
              "request/headers": {
                "Content-Type": "application/json; charset=utf-8",
                "OData-MaxVersion": "4.0",
                "OData-Version": "4.0",
                "Accept": "application/json"
              }
            },
            "host": {
              "apiId": "/providers/Microsoft.PowerApps/apis/shared_webcontents",
              "operationId": "InvokeHttp",
              "connectionName": "shared_webcontents"
            }
          },
          "runAfter": {
            "Attribute": [
              "SUCCEEDED"
            ]
          },
          "metadata": {
            "operationMetadataId": "63154bb3-e103-46cf-b1dd-d748f024912d"
          }
        },
        "テーブル関連ManyToOneRelationships定義を取得する": {
          "type": "OpenApiConnection",
          "description": "https://orgfa5b0cd9.crm7.dynamics.com variables('LogicalNames')?['Source']",
          "inputs": {
            "parameters": {
              "request/method": "GET",
              "request/url": "@{variables('OrganizationURI')}/api/data/v9.2/EntityDefinitions(LogicalName='@{variables('LogicalNames')?['Source']}')/ManyToOneRelationships",
              "request/headers": {
                "Content-Type": "application/json; charset=utf-8",
                "OData-MaxVersion": "4.0",
                "OData-Version": "4.0",
                "Accept": "application/json"
              }
            },
            "host": {
              "apiId": "/providers/Microsoft.PowerApps/apis/shared_webcontents",
              "operationId": "InvokeHttp",
              "connectionName": "shared_webcontents"
            }
          },
          "runAfter": {
            "テーブル関連OneToManyRelationships定義を取得する": [
              "SUCCEEDED"
            ]
          },
          "metadata": {
            "operationMetadataId": "63154bb3-e103-46cf-b1dd-d748f024912d"
          }
        },
        "テーブル関連ManyToManyRelationships定義を取得する": {
          "type": "OpenApiConnection",
          "description": "https://orgfa5b0cd9.crm7.dynamics.com variables('LogicalNames')?['Source']",
          "inputs": {
            "parameters": {
              "request/method": "GET",
              "request/url": "@{variables('OrganizationURI')}/api/data/v9.2/EntityDefinitions(LogicalName='@{variables('LogicalNames')?['Source']}')/ManyToManyRelationships",
              "request/headers": {
                "Content-Type": "application/json; charset=utf-8",
                "OData-MaxVersion": "4.0",
                "OData-Version": "4.0",
                "Accept": "application/json"
              }
            },
            "host": {
              "apiId": "/providers/Microsoft.PowerApps/apis/shared_webcontents",
              "operationId": "InvokeHttp",
              "connectionName": "shared_webcontents"
            }
          },
          "runAfter": {
            "テーブル関連ManyToOneRelationships定義を取得する": [
              "SUCCEEDED"
            ]
          },
          "metadata": {
            "operationMetadataId": "63154bb3-e103-46cf-b1dd-d748f024912d"
          }
        },
        "OneToManyDefinitionを初期化する": {
          "type": "InitializeVariable",
          "description": "body('テーブル関連OneToManyRelationships定義を取得する')?['value']",
          "inputs": {
            "variables": [
              {
                "name": "OneToManyDefinition",
                "type": "array",
                "value": "@body('テーブル関連OneToManyRelationships定義を取得する')?['value']"
              }
            ]
          },
          "runAfter": {
            "テーブル関連ManyToManyRelationships定義を取得する": [
              "SUCCEEDED"
            ]
          },
          "metadata": {
            "operationMetadataId": "96554a20-9334-4245-9c43-ff691bbc4f67"
          }
        },
        "ManyToOneDefinitionを初期化する": {
          "type": "InitializeVariable",
          "description": "body('テーブル関連ManyToOneRelationships定義を取得する')?['value']",
          "inputs": {
            "variables": [
              {
                "name": "ManyToOneDefinition",
                "type": "array",
                "value": "@body('テーブル関連ManyToOneRelationships定義を取得する')?['value']"
              }
            ]
          },
          "runAfter": {
            "OneToManyDefinitionを初期化する": [
              "SUCCEEDED"
            ]
          },
          "metadata": {
            "operationMetadataId": "96554a20-9334-4245-9c43-ff691bbc4f67"
          }
        },
        "ManyToManyDefinitionを初期化する": {
          "type": "InitializeVariable",
          "description": "body('テーブル関連ManyToManyRelationships定義を取得する')?['value']",
          "inputs": {
            "variables": [
              {
                "name": "ManyToManyDefinition",
                "type": "array",
                "value": "@body('テーブル関連ManyToManyRelationships定義を取得する')?['value']"
              }
            ]
          },
          "runAfter": {
            "ManyToOneDefinitionを初期化する": [
              "SUCCEEDED"
            ]
          },
          "metadata": {
            "operationMetadataId": "96554a20-9334-4245-9c43-ff691bbc4f67"
          }
        }
      }
    },
    "templateName": null
  },
  "schemaVersion": "1.0.0.0"
}