{"name":"955bd00f-8cb3-447a-8401-77a91026ef64","id":"/providers/Microsoft.Flow/flows/955bd00f-8cb3-447a-8401-77a91026ef64","type":"Microsoft.Flow/flows","properties":{"apiId":"/providers/Microsoft.PowerApps/apis/shared_logicflows","displayName":"RetrieveAllTableDefinitions","definition":{"metadata":{"workflowEntityId":null,"processAdvisorMetadata":null,"flowChargedByPaygo":null,"flowclientsuspensionreason":"None","flowclientsuspensiontime":null,"flowclientsuspensionreasondetails":null,"creator":{"id":"62d1a170-2661-462f-88bd-5434752bcb55","type":"User","tenantId":"3081431d-4d4f-49e6-bc76-7c3648f2ff5a"},"provisioningMethod":"FromDefinition","failureAlertSubscription":true,"clientLastModifiedTime":"2024-11-19T11:13:56.5576112Z","connectionKeySavedTimeKey":"2024-11-19T11:13:56.5576112Z"},"$schema":"https://schema.management.azure.com/providers/Microsoft.Logic/schemas/2016-06-01/workflowdefinition.json#","contentVersion":"undefined","parameters":{"$authentication":{"defaultValue":{},"type":"SecureObject"},"$connections":{"defaultValue":{},"type":"Object"}},"triggers":{"manual":{"type":"Request","kind":"Button","inputs":{"schema":{"type":"object","properties":{"text":{"description":"テーブルの接頭辞を指定してください（例：ya_）","title":"prefix","type":"string","x-ms-content-hint":"TEXT","x-ms-dynamically-added":true}},"required":["text"]}}}},"actions":{"OrganizationURI":{"runAfter":{},"metadata":{"operationMetadataId":"8e1b08a9-cdd8-4e5f-a79e-7fef1a1e384b"},"type":"Compose","inputs":"https://orgfa5b0cd9.crm7.dynamics.com"},"EndpointUrlを初期化する":{"runAfter":{"OrganizationURI":["Succeeded"]},"metadata":{"operationMetadataId":"afc8e487-753c-4380-b296-4b3801a70236"},"type":"InitializeVariable","inputs":{"variables":[{"name":"EndpointUrl","type":"string","value":"@{outputs('OrganizationURI')}/api/data/v9.2/entities?$orderby=logicalname"}]},"description":"@{outputs('OrganizationURI')}/api/data/v9.2/entities?$orderby=logicalname"},"ListTables":{"actions":{"テーブル一覧の取得":{"runAfter":{"prefixが指定されたか？":["Succeeded"]},"metadata":{"operationMetadataId":"63154bb3-e103-46cf-b1dd-d748f024912d"},"type":"OpenApiConnection","inputs":{"parameters":{"request/method":"GET","request/url":"@variables('EndpointUrl')","request/headers":{"Content-Type":"application/json; charset=utf-8","OData-MaxVersion":"4.0","OData-Version":"4.0","Accept":"application/json"}},"host":{"apiId":"/providers/Microsoft.PowerApps/apis/shared_webcontents","connectionName":"shared_webcontents-1","operationId":"InvokeHttp"},"authentication":{"value":"@json(decodeBase64(triggerOutputs().headers['X-MS-APIM-Tokens']))['$ConnectionKey']","type":"Raw"}},"description":"variables('EndpointUrl')"},"テーブル一覧の解析":{"runAfter":{"テーブル一覧の取得":["Succeeded"]},"metadata":{"operationMetadataId":"16251442-f761-42fc-9c72-c5688a23f902"},"type":"ParseJson","inputs":{"content":"@body('テーブル一覧の取得')","schema":{"type":"object","properties":{"statusCode":{"type":"integer"},"headers":{"type":"object","properties":{"Cache-Control":{"type":"string"},"Vary":{"type":"string"},"Set-Cookie":{"type":"string"},"x-ms-service-request-id":{"type":"string"},"Strict-Transport-Security":{"type":"string"},"REQ_ID":{"type":"string"},"CRM.ServiceId":{"type":"string"},"AuthActivityId":{"type":"string"},"x-ms-dop-hint":{"type":"string"},"x-ms-ratelimit-time-remaining-xrm-requests":{"type":"string"},"x-ms-ratelimit-burst-remaining-xrm-requests":{"type":"string"},"mise-correlation-id":{"type":"string"},"OData-Version":{"type":"string"},"X-Source":{"type":"string"},"Public":{"type":"string"},"x-ms-client-region":{"type":"string"},"x-ms-flavor":{"type":"string"},"X-Ms-Workflow-Resourcegroup-Name":{"type":"string"},"x-ms-workflow-subscription-id":{"type":"string"},"x-ms-environment-id":{"type":"string"},"x-ms-tenant-id":{"type":"string"},"x-ms-dlp-re":{"type":"string"},"x-ms-dlp-gu":{"type":"string"},"Timing-Allow-Origin":{"type":"string"},"x-ms-apihub-cached-response":{"type":"string"},"x-ms-apihub-obo":{"type":"string"},"Date":{"type":"string"},"Allow":{"type":"string"},"Content-Type":{"type":"string"},"Content-Length":{"type":"string"},"Expires":{"type":"string"}}},"body":{"type":"object","properties":{"@@odata.context":{"type":"string"},"value":{"type":"array","items":{"type":"object","properties":{"entitysetname":{"type":"string"},"logicalcollectionname":{"type":"string"},"versionnumber":{"type":"integer"},"physicalname":{"type":"string"},"basetablename":{"type":"string"},"overwritetime":{"type":"string"},"logicalname":{"type":"string"},"originallocalizedcollectionname":{"type":"string"},"name":{"type":"string"},"componentstate":{"type":"integer"},"objecttypecode":{"type":"integer"},"isactivity":{"type":"boolean"},"entityid":{"type":"string"},"collectionname":{"type":"string"},"solutionid":{"type":"string"},"originallocalizedname":{"type":"string"},"addresstablename":{},"extensiontablename":{},"parentcontrollingattributename":{},"externalname":{},"reportviewname":{},"externalcollectionname":{}},"required":["entitysetname","logicalcollectionname","versionnumber","physicalname","basetablename","overwritetime","logicalname","originallocalizedcollectionname","name","componentstate","objecttypecode","isactivity","entityid","collectionname","solutionid","originallocalizedname","addresstablename","extensiontablename","parentcontrollingattributename","externalname","reportviewname","externalcollectionname"]}}}}}}}},"prefixが指定されたか？":{"actions":{"EndpointUrlの設定":{"metadata":{"operationMetadataId":"5263b0e2-25ef-4c9e-a3fb-2699cff74fcb"},"type":"SetVariable","inputs":{"name":"EndpointUrl","value":"@{outputs('OrganizationURI')}/api/data/v9.2/entities?$orderby=logicalname&$filter=startswith(logicalname, '@{triggerBody()?['text']}')"},"description":"@{outputs('OrganizationURI')}/api/data/v9.2/entities?$orderby=logicalname&$filter=startswith(logicalname, '@{triggerBody()?['text']}')"}},"else":{"actions":{}},"expression":{"and":[{"not":{"equals":["@coalesce(triggerBody()?['text'], '')",""]}}]},"metadata":{"operationMetadataId":"f4eaa8b5-64b2-48c9-9ce3-7d4ca001a489"},"type":"If","description":"coalesce(triggerBody()?['text'], '')"}},"runAfter":{"EndpointUrlを初期化する":["Succeeded"]},"metadata":{"operationMetadataId":"5b6c9316-b5c8-4b8d-98cf-9e09b06d54bd"},"type":"Scope"},"Tablesを初期化する":{"runAfter":{"ListTables":["Succeeded"]},"metadata":{"operationMetadataId":"41f646d3-0990-4f5c-9329-5b8e2f8e65be"},"type":"InitializeVariable","inputs":{"variables":[{"name":"Tables","type":"array"}]}},"Attributesを初期化する":{"runAfter":{"Tablesを初期化する":["Succeeded"]},"metadata":{"operationMetadataId":"00ca7208-0be5-4dd4-9533-04714b8c86b1"},"type":"InitializeVariable","inputs":{"variables":[{"name":"Attributes","type":"array"}]}},"AllAttributesを初期化する":{"runAfter":{"Attributesを初期化する":["Succeeded"]},"metadata":{"operationMetadataId":"80b9b738-db43-42bf-875b-d98ed7ea1aef"},"type":"InitializeVariable","inputs":{"variables":[{"name":"AllAttributes","type":"array"}]}},"テーブルごと":{"foreach":"@body('テーブル一覧の解析')?['value']","actions":{"スコープ":{"actions":{"テーブル定義の取得":{"metadata":{"operationMetadataId":"63154bb3-e103-46cf-b1dd-d748f024912d"},"type":"OpenApiConnection","inputs":{"parameters":{"request/method":"GET","request/url":"@{outputs('OrganizationURI')}/api/data/v9.2/EntityDefinitions(LogicalName='@{items('テーブルごと')?['logicalname']}')","request/headers":{"Content-Type":"application/json; charset=utf-8","OData-MaxVersion":"4.0","OData-Version":"4.0","Accept":"application/json"}},"host":{"apiId":"/providers/Microsoft.PowerApps/apis/shared_webcontents","connectionName":"shared_webcontents-1","operationId":"InvokeHttp"},"authentication":{"value":"@json(decodeBase64(triggerOutputs().headers['X-MS-APIM-Tokens']))['$ConnectionKey']","type":"Raw"}},"description":"@{outputs('OrganizationURI')}/api/data/v9.2/EntityDefinitions(LogicalName='@{items('テーブルごと')?['logicalname']}')"},"テーブル定義の解析":{"runAfter":{"テーブル定義の取得":["Succeeded"]},"metadata":{"operationMetadataId":"7834da75-763b-4d7f-a7a6-cd6f68e29eed"},"type":"ParseJson","inputs":{"content":"@body('テーブル定義の取得')","schema":{"type":"object","properties":{"@@odata.context":{"type":["string","null"]},"ActivityTypeMask":{"type":["integer","null"]},"AutoRouteToOwnerQueue":{"type":["boolean","null"]},"CanTriggerWorkflow":{"type":["boolean","null"]},"EntityHelpUrlEnabled":{"type":["boolean","null"]},"IsDocumentManagementEnabled":{"type":["boolean","null"]},"IsOneNoteIntegrationEnabled":{"type":["boolean","null"]},"IsInteractionCentricEnabled":{"type":["boolean","null"]},"IsKnowledgeManagementEnabled":{"type":["boolean","null"]},"IsSLAEnabled":{"type":["boolean","null"]},"IsBPFEntity":{"type":["boolean","null"]},"IsDocumentRecommendationsEnabled":{"type":["boolean","null"]},"IsMSTeamsIntegrationEnabled":{"type":["boolean","null"]},"AutoCreateAccessTeams":{"type":["boolean","null"]},"IsActivity":{"type":["boolean","null"]},"IsActivityParty":{"type":["boolean","null"]},"IsRetrieveAuditEnabled":{"type":["boolean","null"]},"IsRetrieveMultipleAuditEnabled":{"type":["boolean","null"]},"IsArchivalEnabled":{"type":["boolean","null"]},"IsRetentionEnabled":{"type":["boolean","null"]},"ClusterMode":{"type":["string","null"]},"IsAvailableOffline":{"type":["boolean","null"]},"IsChildEntity":{"type":["boolean","null"]},"IsAIRUpdated":{"type":["boolean","null"]},"IsCustomEntity":{"type":["boolean","null"]},"IsBusinessProcessEnabled":{"type":["boolean","null"]},"SyncToExternalSearchIndex":{"type":["boolean","null"]},"IsOptimisticConcurrencyEnabled":{"type":["boolean","null"]},"ChangeTrackingEnabled":{"type":["boolean","null"]},"IsImportable":{"type":["boolean","null"]},"IsIntersect":{"type":["boolean","null"]},"IsManaged":{"type":["boolean","null"]},"IsEnabledForCharts":{"type":["boolean","null"]},"IsEnabledForTrace":{"type":["boolean","null"]},"IsValidForAdvancedFind":{"type":["boolean","null"]},"DaysSinceRecordLastModified":{"type":["integer","null"]},"MobileOfflineFilters":{"type":["string","null"]},"IsReadingPaneEnabled":{"type":["boolean","null"]},"IsQuickCreateEnabled":{"type":["boolean","null"]},"LogicalName":{"type":["string","null"]},"ObjectTypeCode":{"type":["integer","null"]},"OwnershipType":{"type":["string","null"]},"PrimaryNameAttribute":{"type":["string","null"]},"PrimaryIdAttribute":{"type":["string","null"]},"ReportViewName":{"type":["string","null"]},"SchemaName":{"type":["string","null"]},"IntroducedVersion":{"type":["string","null"]},"IsStateModelAware":{"type":["boolean","null"]},"EnforceStateTransitions":{"type":["boolean","null"]},"LogicalCollectionName":{"type":["string","null"]},"CollectionSchemaName":{"type":["string","null"]},"EntitySetName":{"type":["string","null"]},"IsEnabledForExternalChannels":{"type":["boolean","null"]},"IsPrivate":{"type":["boolean","null"]},"UsesBusinessDataLabelTable":{"type":["boolean","null"]},"IsLogicalEntity":{"type":["boolean","null"]},"HasNotes":{"type":["boolean","null"]},"HasActivities":{"type":["boolean","null"]},"HasFeedback":{"type":["boolean","null"]},"IsSolutionAware":{"type":["boolean","null"]},"CreatedOn":{"type":["string","null"]},"ModifiedOn":{"type":["string","null"]},"HasEmailAddresses":{"type":["boolean","null"]},"OwnerIdType":{"type":["integer","null"]},"TableType":{"type":["string","null"]},"Description":{"type":"object","properties":{"LocalizedLabels":{"type":["array","null"],"items":{"type":"object","properties":{"Label":{"type":["string","null"]},"LanguageCode":{"type":["integer","null"]},"IsManaged":{"type":["boolean","null"]},"HasChanged":{}},"required":[]}},"UserLocalizedLabel":{"type":"object","properties":{"Label":{"type":["string","null"]},"LanguageCode":{"type":["integer","null"]},"IsManaged":{"type":["boolean","null"]},"HasChanged":{}}}}},"DisplayCollectionName":{"type":"object","properties":{"LocalizedLabels":{"type":["array","null"],"items":{"type":"object","properties":{"Label":{"type":["string","null"]},"LanguageCode":{"type":["integer","null"]},"IsManaged":{"type":["boolean","null"]},"HasChanged":{}},"required":[]}},"UserLocalizedLabel":{"type":"object","properties":{"Label":{"type":["string","null"]},"LanguageCode":{"type":["integer","null"]},"IsManaged":{"type":["boolean","null"]},"HasChanged":{}}}}},"DisplayName":{"type":"object","properties":{"LocalizedLabels":{"type":["array","null"],"items":{"type":"object","properties":{"Label":{"type":["string","null"]},"LanguageCode":{"type":["integer","null"]},"IsManaged":{"type":["boolean","null"]},"HasChanged":{}},"required":[]}},"UserLocalizedLabel":{"type":"object","properties":{"Label":{"type":["string","null"]},"LanguageCode":{"type":["integer","null"]},"IsManaged":{"type":["boolean","null"]},"HasChanged":{}}}}},"IsAuditEnabled":{"type":"object","properties":{"Value":{"type":["boolean","null"]},"CanBeChanged":{"type":["boolean","null"]},"ManagedPropertyLogicalName":{"type":["string","null"]}}},"IsValidForQueue":{"type":"object","properties":{"Value":{"type":["boolean","null"]},"CanBeChanged":{"type":["boolean","null"]},"ManagedPropertyLogicalName":{"type":["string","null"]}}},"IsConnectionsEnabled":{"type":"object","properties":{"Value":{"type":["boolean","null"]},"CanBeChanged":{"type":["boolean","null"]},"ManagedPropertyLogicalName":{"type":["string","null"]}}},"IsCustomizable":{"type":"object","properties":{"Value":{"type":["boolean","null"]},"CanBeChanged":{"type":["boolean","null"]},"ManagedPropertyLogicalName":{"type":["string","null"]}}},"IsRenameable":{"type":"object","properties":{"Value":{"type":["boolean","null"]},"CanBeChanged":{"type":["boolean","null"]},"ManagedPropertyLogicalName":{"type":["string","null"]}}},"IsMappable":{"type":"object","properties":{"Value":{"type":["boolean","null"]},"CanBeChanged":{"type":["boolean","null"]},"ManagedPropertyLogicalName":{"type":["string","null"]}}},"IsDuplicateDetectionEnabled":{"type":"object","properties":{"Value":{"type":["boolean","null"]},"CanBeChanged":{"type":["boolean","null"]},"ManagedPropertyLogicalName":{"type":["string","null"]}}},"CanCreateAttributes":{"type":"object","properties":{"Value":{"type":["boolean","null"]},"CanBeChanged":{"type":["boolean","null"]},"ManagedPropertyLogicalName":{"type":["string","null"]}}},"CanCreateForms":{"type":"object","properties":{"Value":{"type":["boolean","null"]},"CanBeChanged":{"type":["boolean","null"]},"ManagedPropertyLogicalName":{"type":["string","null"]}}},"CanCreateViews":{"type":"object","properties":{"Value":{"type":["boolean","null"]},"CanBeChanged":{"type":["boolean","null"]},"ManagedPropertyLogicalName":{"type":["string","null"]}}},"CanCreateCharts":{"type":"object","properties":{"Value":{"type":["boolean","null"]},"CanBeChanged":{"type":["boolean","null"]},"ManagedPropertyLogicalName":{"type":["string","null"]}}},"CanBeRelatedEntityInRelationship":{"type":"object","properties":{"Value":{"type":["boolean","null"]},"CanBeChanged":{"type":["boolean","null"]},"ManagedPropertyLogicalName":{"type":["string","null"]}}},"CanBePrimaryEntityInRelationship":{"type":"object","properties":{"Value":{"type":["boolean","null"]},"CanBeChanged":{"type":["boolean","null"]},"ManagedPropertyLogicalName":{"type":["string","null"]}}},"CanBeInManyToMany":{"type":"object","properties":{"Value":{"type":["boolean","null"]},"CanBeChanged":{"type":["boolean","null"]},"ManagedPropertyLogicalName":{"type":["string","null"]}}},"CanBeInCustomEntityAssociation":{"type":"object","properties":{"Value":{"type":["boolean","null"]},"CanBeChanged":{"type":["boolean","null"]},"ManagedPropertyLogicalName":{"type":["string","null"]}}},"CanEnableSyncToExternalSearchIndex":{"type":"object","properties":{"Value":{"type":["boolean","null"]},"CanBeChanged":{"type":["boolean","null"]},"ManagedPropertyLogicalName":{"type":["string","null"]}}},"CanModifyAdditionalSettings":{"type":"object","properties":{"Value":{"type":["boolean","null"]},"CanBeChanged":{"type":["boolean","null"]},"ManagedPropertyLogicalName":{"type":["string","null"]}}},"CanChangeHierarchicalRelationship":{"type":"object","properties":{"Value":{"type":["boolean","null"]},"CanBeChanged":{"type":["boolean","null"]},"ManagedPropertyLogicalName":{"type":["string","null"]}}},"CanChangeTrackingBeEnabled":{"type":"object","properties":{"Value":{"type":["boolean","null"]},"CanBeChanged":{"type":["boolean","null"]},"ManagedPropertyLogicalName":{"type":["string","null"]}}},"IsMailMergeEnabled":{"type":"object","properties":{"Value":{"type":["boolean","null"]},"CanBeChanged":{"type":["boolean","null"]},"ManagedPropertyLogicalName":{"type":["string","null"]}}},"IsVisibleInMobile":{"type":"object","properties":{"Value":{"type":["boolean","null"]},"CanBeChanged":{"type":["boolean","null"]},"ManagedPropertyLogicalName":{"type":["string","null"]}}},"IsVisibleInMobileClient":{"type":"object","properties":{"Value":{"type":["boolean","null"]},"CanBeChanged":{"type":["boolean","null"]},"ManagedPropertyLogicalName":{"type":["string","null"]}}},"IsReadOnlyInMobileClient":{"type":"object","properties":{"Value":{"type":["boolean","null"]},"CanBeChanged":{"type":["boolean","null"]},"ManagedPropertyLogicalName":{"type":["string","null"]}}},"IsOfflineInMobileClient":{"type":"object","properties":{"Value":{"type":["boolean","null"]},"CanBeChanged":{"type":["boolean","null"]},"ManagedPropertyLogicalName":{"type":["string","null"]}}},"Privileges":{"type":["array","null"],"items":{"type":"object","properties":{"CanBeBasic":{"type":["boolean","null"]},"CanBeDeep":{"type":["boolean","null"]},"CanBeGlobal":{"type":["boolean","null"]},"CanBeLocal":{"type":["boolean","null"]},"CanBeEntityReference":{"type":["boolean","null"]},"CanBeParentEntityReference":{"type":["boolean","null"]},"CanBeRecordFilter":{"type":["boolean","null"]},"Name":{"type":["string","null"]},"PrivilegeId":{"type":["string","null"]},"PrivilegeType":{"type":["string","null"]}},"required":[]}},"Settings":{"type":["array","null"]}}}}},"列定義を取得する":{"runAfter":{"テーブル定義の解析":["Succeeded"]},"metadata":{"operationMetadataId":"63154bb3-e103-46cf-b1dd-d748f024912d"},"type":"OpenApiConnection","inputs":{"parameters":{"request/method":"GET","request/url":"@{outputs('OrganizationURI')}/api/data/v9.2/EntityDefinitions(LogicalName='@{items('テーブルごと')?['logicalname']}')/Attributes","request/headers":{"Content-Type":"application/json; charset=utf-8","OData-MaxVersion":"4.0","OData-Version":"4.0","Accept":"application/json"}},"host":{"apiId":"/providers/Microsoft.PowerApps/apis/shared_webcontents","connectionName":"shared_webcontents-1","operationId":"InvokeHttp"},"authentication":{"value":"@json(decodeBase64(triggerOutputs().headers['X-MS-APIM-Tokens']))['$ConnectionKey']","type":"Raw"}},"description":"@{outputs('OrganizationURI')}/api/data/v9.2/EntityDefinitions(LogicalName='@{items('テーブルごと')?['logicalname']}')/Attributes"},"列定義の解析":{"runAfter":{"列定義を取得する":["Succeeded"]},"metadata":{"operationMetadataId":"a9d0dc5c-e251-4ad3-94e1-69ff157b6290"},"type":"ParseJson","inputs":{"content":"@body('列定義を取得する')","schema":{"type":"object","properties":{"@@odata.context":{"type":["string","null"]},"value":{"type":["array","null"],"items":{"type":["object","null"],"properties":{"@@odata.type":{"type":["string","null"]},"Targets":{"type":["array","null"],"items":{"type":["string","null"]}},"Format":{"type":["string","null"]},"AttributeOf":{},"AttributeType":{"type":["string","null"]},"ColumnNumber":{"type":["integer","null"]},"DeprecatedVersion":{},"IntroducedVersion":{"type":["string","null"]},"EntityLogicalName":{"type":["string","null"]},"IsCustomAttribute":{"type":["boolean","null"]},"IsPrimaryId":{"type":["boolean","null"]},"IsValidODataAttribute":{"type":["boolean","null"]},"IsPrimaryName":{"type":["boolean","null"]},"IsValidForCreate":{"type":["boolean","null"]},"IsValidForRead":{"type":["boolean","null"]},"IsValidForUpdate":{"type":["boolean","null"]},"CanBeSecuredForRead":{"type":["boolean","null"]},"CanBeSecuredForCreate":{"type":["boolean","null"]},"CanBeSecuredForUpdate":{"type":["boolean","null"]},"IsSecured":{"type":["boolean","null"]},"IsRetrievable":{"type":["boolean","null"]},"IsFilterable":{"type":["boolean","null"]},"IsSearchable":{"type":["boolean","null"]},"IsManaged":{"type":["boolean","null"]},"LinkedAttributeId":{},"LogicalName":{"type":["string","null"]},"IsValidForForm":{"type":["boolean","null"]},"IsRequiredForForm":{"type":["boolean","null"]},"IsValidForGrid":{"type":["boolean","null"]},"SchemaName":{"type":["string","null"]},"ExternalName":{},"IsLogical":{"type":["boolean","null"]},"IsDataSourceSecret":{"type":["boolean","null"]},"InheritsFrom":{},"CreatedOn":{"type":["string","null"]},"ModifiedOn":{"type":["string","null"]},"SourceType":{},"AutoNumberFormat":{},"HasChanged":{},"AttributeTypeName":{"type":["object","null"],"properties":{"Value":{"type":["string","null"]}}},"Description":{"type":["object","null"],"properties":{"LocalizedLabels":{"type":["array","null"],"items":{"type":["object","null"],"properties":{"Label":{"type":["string","null"]},"LanguageCode":{"type":["integer","null"]},"IsManaged":{"type":["boolean","null"]},"HasChanged":{}},"required":[]}},"UserLocalizedLabel":{"type":["object","null"],"properties":{"Label":{"type":["string","null"]},"LanguageCode":{"type":["integer","null"]},"IsManaged":{"type":["boolean","null"]},"HasChanged":{}}}}},"DisplayName":{"type":["object","null"],"properties":{"LocalizedLabels":{"type":["array","null"],"items":{"type":["object","null"],"properties":{"Label":{"type":["string","null"]},"LanguageCode":{"type":["integer","null"]},"IsManaged":{"type":["boolean","null"]},"HasChanged":{}},"required":[]}},"UserLocalizedLabel":{"type":["object","null"],"properties":{"Label":{"type":["string","null"]},"LanguageCode":{"type":["integer","null"]},"IsManaged":{"type":["boolean","null"]},"HasChanged":{}}}}},"IsAuditEnabled":{"type":["object","null"],"properties":{"Value":{"type":["boolean","null"]},"CanBeChanged":{"type":["boolean","null"]},"ManagedPropertyLogicalName":{"type":["string","null"]}}},"IsGlobalFilterEnabled":{"type":["object","null"],"properties":{"Value":{"type":["boolean","null"]},"CanBeChanged":{"type":["boolean","null"]},"ManagedPropertyLogicalName":{"type":["string","null"]}}},"IsSortableEnabled":{"type":["object","null"],"properties":{"Value":{"type":["boolean","null"]},"CanBeChanged":{"type":["boolean","null"]},"ManagedPropertyLogicalName":{"type":["string","null"]}}},"IsCustomizable":{"type":["object","null"],"properties":{"Value":{"type":["boolean","null"]},"CanBeChanged":{"type":["boolean","null"]},"ManagedPropertyLogicalName":{"type":["string","null"]}}},"IsRenameable":{"type":["object","null"],"properties":{"Value":{"type":["boolean","null"]},"CanBeChanged":{"type":["boolean","null"]},"ManagedPropertyLogicalName":{"type":["string","null"]}}},"IsValidForAdvancedFind":{"type":["object","null"],"properties":{"Value":{"type":["boolean","null"]},"CanBeChanged":{"type":["boolean","null"]},"ManagedPropertyLogicalName":{"type":["string","null"]}}},"RequiredLevel":{"type":["object","null"],"properties":{"Value":{"type":["string","null"]},"CanBeChanged":{"type":["boolean","null"]},"ManagedPropertyLogicalName":{"type":["string","null"]}}},"CanModifyAdditionalSettings":{"type":["object","null"],"properties":{"Value":{"type":["boolean","null"]},"CanBeChanged":{"type":["boolean","null"]},"ManagedPropertyLogicalName":{"type":["string","null"]}}},"Settings":{"type":["array","null"]},"ImeMode":{"type":["string","null"]},"MaxLength":{"type":["integer","null"]},"YomiOf":{},"IsLocalizable":{"type":["boolean","null"]},"DatabaseLength":{"type":["integer","null"]},"FormulaDefinition":{"type":["string","null"]},"SourceTypeMask":{"type":["integer","null"]},"FormatName":{"type":["object","null"],"properties":{"Value":{"type":["string","null"]}}},"MinSupportedValue":{"type":["string","null"]},"MaxSupportedValue":{"type":["string","null"]},"DateTimeBehavior":{"type":["object","null"],"properties":{"Value":{"type":["string","null"]}}},"CanChangeDateTimeBehavior":{"type":["object","null"],"properties":{"Value":{"type":["boolean","null"]},"CanBeChanged":{"type":["boolean","null"]},"ManagedPropertyLogicalName":{"type":["string","null"]}}}},"required":[]}}}}}},"列ごとに":{"foreach":"@body('列定義の解析')?['value']","actions":{"列の解析":{"metadata":{"operationMetadataId":"5f52d85c-9cf2-40ee-b67d-958524c565d6"},"type":"ParseJson","inputs":{"content":"@items('列ごとに')","schema":{"type":"object","properties":{}}},"description":"items('列ごとに')"},"スイッチ":{"runAfter":{"列の解析":["Succeeded"]},"cases":{"複数選択肢列":{"case":"#Microsoft.Dynamics.CRM.MultiSelectPicklistAttributeMetadata","actions":{"複数選択肢列定義を取得する":{"metadata":{"operationMetadataId":"ea93e6e7-f971-49ce-9f89-a8288dd67cbe"},"type":"OpenApiConnection","inputs":{"parameters":{"request/method":"GET","request/url":"@{outputs('OrganizationURI')}/api/data/v9.2/EntityDefinitions(LogicalName='@{items('テーブルごと')?['logicalname']}')/Attributes(LogicalName='@{items('列ごとに')?['LogicalName']}')/Microsoft.Dynamics.CRM.MultiSelectPicklistAttributeMetadata?$expand=OptionSet,GlobalOptionSet","request/headers":{"Content-Type":"application/json; charset=utf-8","OData-MaxVersion":"4.0","OData-Version":"4.0","Accept":"application/json"}},"host":{"apiId":"/providers/Microsoft.PowerApps/apis/shared_webcontents","connectionName":"shared_webcontents-1","operationId":"InvokeHttp"},"authentication":{"value":"@json(decodeBase64(triggerOutputs().headers['X-MS-APIM-Tokens']))['$ConnectionKey']","type":"Raw"}},"description":"@{outputs('OrganizationURI')}/api/data/v9.2/EntityDefinitions(LogicalName='@{variables('名')?['論']}')/Attributes(LogicalName='@{items('列ごとに')?['LogicalName']}')/Microsoft.Dynamics.CRM.MultiSelectPicklistAttributeMetadata?$expand=OptionSet,GlobalOption"},"Attributesに追加（複数選択肢列）":{"runAfter":{"複数選択肢列定義を取得する":["Succeeded"]},"metadata":{"operationMetadataId":"71970a1f-18a4-4258-b935-e8524659c7d0"},"type":"AppendToArrayVariable","inputs":{"name":"Attributes","value":"@body('複数選択肢列定義を取得する')"}},"AllAttributesに追加（複数選択肢列）":{"runAfter":{"Attributesに追加（複数選択肢列）":["Succeeded"]},"metadata":{"operationMetadataId":"71970a1f-18a4-4258-b935-e8524659c7d0"},"type":"AppendToArrayVariable","inputs":{"name":"AllAttributes","value":"@body('複数選択肢列定義を取得する')"}}}},"選択肢列":{"case":"#Microsoft.Dynamics.CRM.PicklistAttributeMetadata","actions":{"選択肢列定義を取得する":{"metadata":{"operationMetadataId":"e45f287e-8a13-465f-a6a1-272e6fff65c9"},"type":"OpenApiConnection","inputs":{"parameters":{"request/method":"GET","request/url":"@{outputs('OrganizationURI')}/api/data/v9.2/EntityDefinitions(LogicalName='@{items('テーブルごと')?['logicalname']}')/Attributes(LogicalName='@{items('列ごとに')?['LogicalName']}')/Microsoft.Dynamics.CRM.PicklistAttributeMetadata?$expand=OptionSet,GlobalOptionSet","request/headers":{"Content-Type":"application/json; charset=utf-8","OData-MaxVersion":"4.0","OData-Version":"4.0","Accept":"application/json"}},"host":{"apiId":"/providers/Microsoft.PowerApps/apis/shared_webcontents","connectionName":"shared_webcontents-1","operationId":"InvokeHttp"},"authentication":{"value":"@json(decodeBase64(triggerOutputs().headers['X-MS-APIM-Tokens']))['$ConnectionKey']","type":"Raw"}},"description":"@{outputs('OrganizationURI')}/api/data/v9.2/EntityDefinitions(LogicalName='@{variables('名')?['論']}')/Attributes(LogicalName='@{items('列ごとに')?['LogicalName']}')/Microsoft.Dynamics.CRM.PicklistAttributeMetadata?$expand=OptionSet,GlobalOptionSet"},"Attributesに追加（選択肢列）":{"runAfter":{"選択肢列定義を取得する":["Succeeded"]},"metadata":{"operationMetadataId":"1aaeef7c-329b-44cb-9ba8-55aaeb7851e9"},"type":"AppendToArrayVariable","inputs":{"name":"Attributes","value":"@body('選択肢列定義を取得する')"}},"AllAttributesに追加（選択肢列）":{"runAfter":{"Attributesに追加（選択肢列）":["Succeeded"]},"metadata":{"operationMetadataId":"1aaeef7c-329b-44cb-9ba8-55aaeb7851e9"},"type":"AppendToArrayVariable","inputs":{"name":"AllAttributes","value":"@body('選択肢列定義を取得する')"}}}},"YesNo列":{"case":"#Microsoft.Dynamics.CRM.BooleanAttributeMetadata","actions":{"YesNo列定義を取得する":{"metadata":{"operationMetadataId":"74ff3e05-20e3-4ed3-8052-2b97a6ed29f7"},"type":"OpenApiConnection","inputs":{"parameters":{"request/method":"GET","request/url":"@{outputs('OrganizationURI')}/api/data/v9.2/EntityDefinitions(LogicalName='@{items('テーブルごと')?['logicalname']}')/Attributes(LogicalName='@{items('列ごとに')?['LogicalName']}')/Microsoft.Dynamics.CRM.BooleanAttributeMetadata?$expand=OptionSet","request/headers":{"Content-Type":"application/json; charset=utf-8","OData-MaxVersion":"4.0","OData-Version":"4.0","Accept":"application/json"}},"host":{"apiId":"/providers/Microsoft.PowerApps/apis/shared_webcontents","connectionName":"shared_webcontents-1","operationId":"InvokeHttp"},"authentication":{"value":"@json(decodeBase64(triggerOutputs().headers['X-MS-APIM-Tokens']))['$ConnectionKey']","type":"Raw"}},"description":"@{outputs('OrganizationURI')}/api/data/v9.2/EntityDefinitions(LogicalName='@{items('テーブルごと')?['logicalname']}')/Attributes(LogicalName='@{items('列ごとに')?['LogicalName']}')/Microsoft.Dynamics.CRM.BooleanAttributeMetadata?$expand=OptionSet"},"Attributesに追加（YesNo列）":{"runAfter":{"YesNo列定義を取得する":["Succeeded"]},"metadata":{"operationMetadataId":"ae6ff696-881e-4f33-a345-5d85c3f88905"},"type":"AppendToArrayVariable","inputs":{"name":"Attributes","value":"@body('YesNo列定義を取得する')"}},"AllAttributesに追加（YesNo列）":{"runAfter":{"Attributesに追加（YesNo列）":["Succeeded"]},"metadata":{"operationMetadataId":"ae6ff696-881e-4f33-a345-5d85c3f88905"},"type":"AppendToArrayVariable","inputs":{"name":"Attributes","value":"@body('YesNo列定義を取得する')"}}}}},"default":{"actions":{"Attributesに追加":{"metadata":{"operationMetadataId":"67ba7020-adfe-4bc9-9d62-c34c7d7d099d"},"type":"AppendToArrayVariable","inputs":{"name":"Attributes","value":"@items('列ごとに')"},"description":"items('列ごとに')"},"AllAttributesに追加":{"runAfter":{"Attributesに追加":["Succeeded"]},"metadata":{"operationMetadataId":"67ba7020-adfe-4bc9-9d62-c34c7d7d099d"},"type":"AppendToArrayVariable","inputs":{"name":"AllAttributes","value":"@items('列ごとに')"},"description":"items('列ごとに')"}}},"expression":"@coalesce(items('列ごとに')?['@odata.type'], '')","metadata":{"operationMetadataId":"6f05629f-9dd3-491c-82d9-366b2ca1c4da"},"type":"Switch","description":"coalesce(items('列ごとに')?['@odata.type'], '')"}},"runAfter":{"列定義の解析":["Succeeded"]},"metadata":{"operationMetadataId":"1b45a59c-6941-495d-81ce-b8bed648e783"},"type":"Foreach","description":"body('列定義の解析')?['value']"},"Tablesに追加":{"runAfter":{"列ごとに":["Succeeded"]},"metadata":{"operationMetadataId":"655ff402-a57e-4b2f-bfa6-46aa7de86ed7"},"type":"AppendToArrayVariable","inputs":{"name":"Tables","value":"@addProperty(items('テーブルごと'), 'Attributes', variables('Attributes'))"},"description":"addProperty(items('テーブルごと'), 'Attributes', variables('Attributes'))"}},"runAfter":{"変数の設定":["Succeeded"]},"metadata":{"operationMetadataId":"3e105ae0-b5c0-4329-9e12-036fff206db4"},"type":"Scope"},"変数の設定":{"metadata":{"operationMetadataId":"486b1bab-612d-466f-ab12-4e1f8582cc55"},"type":"SetVariable","inputs":{"name":"Attributes","value":"@null"},"description":"null"}},"runAfter":{"AllAttributesを初期化する":["Succeeded"]},"metadata":{"operationMetadataId":"f38a4fc2-c9ec-4d74-845d-f5a4b0415df5"},"type":"Foreach","description":"body('テーブル一覧の解析')?['value']"},"CSVテーブルTablesの作成":{"runAfter":{"テーブルごと":["Succeeded"]},"metadata":{"operationMetadataId":"5f866ff7-80d0-4c8c-89f3-015d8a16ecbb"},"type":"Table","inputs":{"from":"@variables('Tables')","format":"CSV"}},"CSVテーブルAllAttributesの作成":{"runAfter":{"CSVテーブルTablesの作成":["Succeeded"]},"metadata":{"operationMetadataId":"2aeeb730-5d50-4eb0-a1cf-3961cb8e3926"},"type":"Table","inputs":{"from":"@variables('AllAttributes')","format":"CSV"}},"条件":{"actions":{"AllAttributes":{"metadata":{"operationMetadataId":"2c9a9b0b-36bb-4c4c-a153-07c6382863f9"},"type":"Compose","inputs":"@variables('AllAttributes')","description":"variables('AllAttributes')"}},"runAfter":{"CSVテーブルAllAttributesの作成":["Succeeded"]},"else":{"actions":{"Power_App_またはフローに応答する":{"metadata":{"operationMetadataId":"8420a991-fe28-4da2-b35a-ce98a56007b9"},"type":"Response","kind":"PowerApp","inputs":{"schema":{"type":"object","properties":{"allattributes":{"title":"AllAttributes","x-ms-dynamically-added":true,"type":"string"}},"additionalProperties":{}},"statusCode":200,"body":{"allattributes":"@{variables('AllAttributes')}"}}}}},"expression":{"and":[{"equals":[1,1]}]},"metadata":{"operationMetadataId":"8b28a628-57ee-431d-a53f-d2bc0cb2b755"},"type":"If"}}},"connectionReferences":{"shared_webcontents-1":{"connectionName":"shared-webcontents-6e0d5169-46bc-46c7-8c63-0fd0f657b31b","source":"Invoker","id":"/providers/Microsoft.PowerApps/apis/shared_webcontents","tier":"NotSpecified"}},"flowFailureAlertSubscribed":false,"isManaged":false}}