{
  "properties": {
    "connectionReferences": {
      "shared_webcontents_1": {
        "runtimeSource": "invoker",
        "connection": {
          "connectionReferenceLogicalName": "ya_sharedwebcontents_0c5b9"
        },
        "api": {
          "name": "shared_webcontents"
        }
      }
    },
    "definition": {
      "$schema": "https://schema.management.azure.com/providers/Microsoft.Logic/schemas/2016-06-01/workflowdefinition.json#",
      "contentVersion": "1.0.0.0",
      "parameters": {
        "$connections": {
          "defaultValue": {},
          "type": "Object"
        },
        "$authentication": {
          "defaultValue": {},
          "type": "SecureObject"
        }
      },
      "triggers": {
        "manual": {
          "metadata": {
            "operationMetadataId": "372c8841-4150-4aa8-8c1b-7b52671813db"
          },
          "type": "Request",
          "kind": "PowerAppV2",
          "inputs": {
            "schema": {
              "type": "object",
              "properties": {
                "text": {
                  "title": "SchemaName",
                  "type": "string",
                  "x-ms-dynamically-added": true,
                  "description": "テーブルのスキーマ名を指定してください（例：ya_Customer）",
                  "x-ms-content-hint": "TEXT"
                },
                "text_1": {
                  "title": "CollectionSchemaName",
                  "type": "string",
                  "x-ms-dynamically-added": true,
                  "description": "テーブルのスキーマ名の複数形を指定してください（例：ya_Customers）（省略可）",
                  "x-ms-content-hint": "TEXT"
                }
              },
              "required": [
                "text"
              ]
            }
          }
        }
      },
      "actions": {
        "Names": {
          "runAfter": {
            "Attributesを初期化する": [
              "Succeeded"
            ]
          },
          "metadata": {
            "operationMetadataId": "1eba8a37-2f36-47c3-a956-bdc9b53fcabb"
          },
          "type": "InitializeVariable",
          "inputs": {
            "variables": [
              {
                "name": "名",
                "type": "object",
                "value": {
                  "ス": "@{triggerBody()['text']}",
                  "ス複": "@{if(empty(coalesce(triggerBody()?['text_1'], '')), concat(triggerBody()['text'], 's'), triggerBody()['text_1'])}",
                  "論": "@{toLower(triggerBody()['text'])}",
                  "論複": "@{toLower(if(empty(coalesce(triggerBody()?['text_1'], '')), concat(triggerBody()['text'], 's'), triggerBody()['text_1']))}"
                }
              }
            ]
          },
          "description": "{   \"ス\": \"@{triggerBody()['text']}\",   \"ス複\": \"@{if(empty(coalesce(triggerBody()?['text_1'], '')), concat(triggerBody()['text'], 's'), triggerBody()['text_1'])}\",   \"論\": \"@{toLower(triggerBody()['text'])}\",   \"論複\": \"@{toLower(if(empty(coalesce(trigger"
        },
        "テーブル定義の取得": {
          "runAfter": {
            "OrganizationURI": [
              "Succeeded"
            ]
          },
          "metadata": {
            "operationMetadataId": "63154bb3-e103-46cf-b1dd-d748f024912d"
          },
          "type": "OpenApiConnection",
          "inputs": {
            "host": {
              "connectionName": "shared_webcontents_1",
              "operationId": "InvokeHttp",
              "apiId": "/providers/Microsoft.PowerApps/apis/shared_webcontents"
            },
            "parameters": {
              "request/method": "GET",
              "request/url": "@{outputs('OrganizationURI')}/api/data/v9.2/EntityDefinitions(LogicalName='@{variables('名')?['論']}')",
              "request/headers": {
                "Content-Type": "application/json; charset=utf-8",
                "OData-MaxVersion": "4.0",
                "OData-Version": "4.0",
                "Accept": "application/json"
              }
            },
            "authentication": "@parameters('$authentication')"
          },
          "description": "@{variables('組URI')}/api/data/v9.2/EntityDefinitions(LogicalName='@{variables('名')?['論']}')"
        },
        "テーブル定義の解析": {
          "runAfter": {
            "テーブル定義の取得": [
              "Succeeded"
            ]
          },
          "metadata": {
            "operationMetadataId": "71974d9f-32ad-4afc-8fc3-87c9a7aa61f4"
          },
          "type": "ParseJson",
          "inputs": {
            "content": "@body('テーブル定義の取得')",
            "schema": {
              "type": "object",
              "properties": {
                "@@odata.context": {
                  "type": [
                    "string",
                    "null"
                  ]
                },
                "ActivityTypeMask": {
                  "type": [
                    "integer",
                    "null"
                  ]
                },
                "AutoRouteToOwnerQueue": {
                  "type": [
                    "boolean",
                    "null"
                  ]
                },
                "CanTriggerWorkflow": {
                  "type": [
                    "boolean",
                    "null"
                  ]
                },
                "EntityHelpUrlEnabled": {
                  "type": [
                    "boolean",
                    "null"
                  ]
                },
                "IsDocumentManagementEnabled": {
                  "type": [
                    "boolean",
                    "null"
                  ]
                },
                "IsOneNoteIntegrationEnabled": {
                  "type": [
                    "boolean",
                    "null"
                  ]
                },
                "IsInteractionCentricEnabled": {
                  "type": [
                    "boolean",
                    "null"
                  ]
                },
                "IsKnowledgeManagementEnabled": {
                  "type": [
                    "boolean",
                    "null"
                  ]
                },
                "IsSLAEnabled": {
                  "type": [
                    "boolean",
                    "null"
                  ]
                },
                "IsBPFEntity": {
                  "type": [
                    "boolean",
                    "null"
                  ]
                },
                "IsDocumentRecommendationsEnabled": {
                  "type": [
                    "boolean",
                    "null"
                  ]
                },
                "IsMSTeamsIntegrationEnabled": {
                  "type": [
                    "boolean",
                    "null"
                  ]
                },
                "AutoCreateAccessTeams": {
                  "type": [
                    "boolean",
                    "null"
                  ]
                },
                "IsActivity": {
                  "type": [
                    "boolean",
                    "null"
                  ]
                },
                "IsActivityParty": {
                  "type": [
                    "boolean",
                    "null"
                  ]
                },
                "IsRetrieveAuditEnabled": {
                  "type": [
                    "boolean",
                    "null"
                  ]
                },
                "IsRetrieveMultipleAuditEnabled": {
                  "type": [
                    "boolean",
                    "null"
                  ]
                },
                "IsArchivalEnabled": {
                  "type": [
                    "boolean",
                    "null"
                  ]
                },
                "IsRetentionEnabled": {
                  "type": [
                    "boolean",
                    "null"
                  ]
                },
                "ClusterMode": {
                  "type": [
                    "string",
                    "null"
                  ]
                },
                "IsAvailableOffline": {
                  "type": [
                    "boolean",
                    "null"
                  ]
                },
                "IsChildEntity": {
                  "type": [
                    "boolean",
                    "null"
                  ]
                },
                "IsAIRUpdated": {
                  "type": [
                    "boolean",
                    "null"
                  ]
                },
                "IsCustomEntity": {
                  "type": [
                    "boolean",
                    "null"
                  ]
                },
                "IsBusinessProcessEnabled": {
                  "type": [
                    "boolean",
                    "null"
                  ]
                },
                "SyncToExternalSearchIndex": {
                  "type": [
                    "boolean",
                    "null"
                  ]
                },
                "IsOptimisticConcurrencyEnabled": {
                  "type": [
                    "boolean",
                    "null"
                  ]
                },
                "ChangeTrackingEnabled": {
                  "type": [
                    "boolean",
                    "null"
                  ]
                },
                "IsImportable": {
                  "type": [
                    "boolean",
                    "null"
                  ]
                },
                "IsIntersect": {
                  "type": [
                    "boolean",
                    "null"
                  ]
                },
                "IsManaged": {
                  "type": [
                    "boolean",
                    "null"
                  ]
                },
                "IsEnabledForCharts": {
                  "type": [
                    "boolean",
                    "null"
                  ]
                },
                "IsEnabledForTrace": {
                  "type": [
                    "boolean",
                    "null"
                  ]
                },
                "IsValidForAdvancedFind": {
                  "type": [
                    "boolean",
                    "null"
                  ]
                },
                "DaysSinceRecordLastModified": {
                  "type": [
                    "integer",
                    "null"
                  ]
                },
                "MobileOfflineFilters": {
                  "type": [
                    "string",
                    "null"
                  ]
                },
                "IsReadingPaneEnabled": {
                  "type": [
                    "boolean",
                    "null"
                  ]
                },
                "IsQuickCreateEnabled": {
                  "type": [
                    "boolean",
                    "null"
                  ]
                },
                "LogicalName": {
                  "type": [
                    "string",
                    "null"
                  ]
                },
                "ObjectTypeCode": {
                  "type": [
                    "integer",
                    "null"
                  ]
                },
                "OwnershipType": {
                  "type": [
                    "string",
                    "null"
                  ]
                },
                "PrimaryNameAttribute": {
                  "type": [
                    "string",
                    "null"
                  ]
                },
                "PrimaryIdAttribute": {
                  "type": [
                    "string",
                    "null"
                  ]
                },
                "ReportViewName": {
                  "type": [
                    "string",
                    "null"
                  ]
                },
                "SchemaName": {
                  "type": [
                    "string",
                    "null"
                  ]
                },
                "IntroducedVersion": {
                  "type": [
                    "string",
                    "null"
                  ]
                },
                "IsStateModelAware": {
                  "type": [
                    "boolean",
                    "null"
                  ]
                },
                "EnforceStateTransitions": {
                  "type": [
                    "boolean",
                    "null"
                  ]
                },
                "LogicalCollectionName": {
                  "type": [
                    "string",
                    "null"
                  ]
                },
                "CollectionSchemaName": {
                  "type": [
                    "string",
                    "null"
                  ]
                },
                "EntitySetName": {
                  "type": [
                    "string",
                    "null"
                  ]
                },
                "IsEnabledForExternalChannels": {
                  "type": [
                    "boolean",
                    "null"
                  ]
                },
                "IsPrivate": {
                  "type": [
                    "boolean",
                    "null"
                  ]
                },
                "UsesBusinessDataLabelTable": {
                  "type": [
                    "boolean",
                    "null"
                  ]
                },
                "IsLogicalEntity": {
                  "type": [
                    "boolean",
                    "null"
                  ]
                },
                "HasNotes": {
                  "type": [
                    "boolean",
                    "null"
                  ]
                },
                "HasActivities": {
                  "type": [
                    "boolean",
                    "null"
                  ]
                },
                "HasFeedback": {
                  "type": [
                    "boolean",
                    "null"
                  ]
                },
                "IsSolutionAware": {
                  "type": [
                    "boolean",
                    "null"
                  ]
                },
                "CreatedOn": {
                  "type": [
                    "string",
                    "null"
                  ]
                },
                "ModifiedOn": {
                  "type": [
                    "string",
                    "null"
                  ]
                },
                "HasEmailAddresses": {
                  "type": [
                    "boolean",
                    "null"
                  ]
                },
                "OwnerIdType": {
                  "type": [
                    "integer",
                    "null"
                  ]
                },
                "TableType": {
                  "type": [
                    "string",
                    "null"
                  ]
                },
                "Description": {
                  "type": "object",
                  "properties": {
                    "LocalizedLabels": {
                      "type": [
                        "array",
                        "null"
                      ],
                      "items": {
                        "type": "object",
                        "properties": {
                          "Label": {
                            "type": [
                              "string",
                              "null"
                            ]
                          },
                          "LanguageCode": {
                            "type": [
                              "integer",
                              "null"
                            ]
                          },
                          "IsManaged": {
                            "type": [
                              "boolean",
                              "null"
                            ]
                          },
                          "HasChanged": {}
                        },
                        "required": []
                      }
                    },
                    "UserLocalizedLabel": {
                      "type": "object",
                      "properties": {
                        "Label": {
                          "type": [
                            "string",
                            "null"
                          ]
                        },
                        "LanguageCode": {
                          "type": [
                            "integer",
                            "null"
                          ]
                        },
                        "IsManaged": {
                          "type": [
                            "boolean",
                            "null"
                          ]
                        },
                        "HasChanged": {}
                      }
                    }
                  }
                },
                "DisplayCollectionName": {
                  "type": "object",
                  "properties": {
                    "LocalizedLabels": {
                      "type": [
                        "array",
                        "null"
                      ],
                      "items": {
                        "type": "object",
                        "properties": {
                          "Label": {
                            "type": [
                              "string",
                              "null"
                            ]
                          },
                          "LanguageCode": {
                            "type": [
                              "integer",
                              "null"
                            ]
                          },
                          "IsManaged": {
                            "type": [
                              "boolean",
                              "null"
                            ]
                          },
                          "HasChanged": {}
                        },
                        "required": []
                      }
                    },
                    "UserLocalizedLabel": {
                      "type": "object",
                      "properties": {
                        "Label": {
                          "type": [
                            "string",
                            "null"
                          ]
                        },
                        "LanguageCode": {
                          "type": [
                            "integer",
                            "null"
                          ]
                        },
                        "IsManaged": {
                          "type": [
                            "boolean",
                            "null"
                          ]
                        },
                        "HasChanged": {}
                      }
                    }
                  }
                },
                "DisplayName": {
                  "type": "object",
                  "properties": {
                    "LocalizedLabels": {
                      "type": [
                        "array",
                        "null"
                      ],
                      "items": {
                        "type": "object",
                        "properties": {
                          "Label": {
                            "type": [
                              "string",
                              "null"
                            ]
                          },
                          "LanguageCode": {
                            "type": [
                              "integer",
                              "null"
                            ]
                          },
                          "IsManaged": {
                            "type": [
                              "boolean",
                              "null"
                            ]
                          },
                          "HasChanged": {}
                        },
                        "required": []
                      }
                    },
                    "UserLocalizedLabel": {
                      "type": "object",
                      "properties": {
                        "Label": {
                          "type": [
                            "string",
                            "null"
                          ]
                        },
                        "LanguageCode": {
                          "type": [
                            "integer",
                            "null"
                          ]
                        },
                        "IsManaged": {
                          "type": [
                            "boolean",
                            "null"
                          ]
                        },
                        "HasChanged": {}
                      }
                    }
                  }
                },
                "IsAuditEnabled": {
                  "type": "object",
                  "properties": {
                    "Value": {
                      "type": [
                        "boolean",
                        "null"
                      ]
                    },
                    "CanBeChanged": {
                      "type": [
                        "boolean",
                        "null"
                      ]
                    },
                    "ManagedPropertyLogicalName": {
                      "type": [
                        "string",
                        "null"
                      ]
                    }
                  }
                },
                "IsValidForQueue": {
                  "type": "object",
                  "properties": {
                    "Value": {
                      "type": [
                        "boolean",
                        "null"
                      ]
                    },
                    "CanBeChanged": {
                      "type": [
                        "boolean",
                        "null"
                      ]
                    },
                    "ManagedPropertyLogicalName": {
                      "type": [
                        "string",
                        "null"
                      ]
                    }
                  }
                },
                "IsConnectionsEnabled": {
                  "type": "object",
                  "properties": {
                    "Value": {
                      "type": [
                        "boolean",
                        "null"
                      ]
                    },
                    "CanBeChanged": {
                      "type": [
                        "boolean",
                        "null"
                      ]
                    },
                    "ManagedPropertyLogicalName": {
                      "type": [
                        "string",
                        "null"
                      ]
                    }
                  }
                },
                "IsCustomizable": {
                  "type": "object",
                  "properties": {
                    "Value": {
                      "type": [
                        "boolean",
                        "null"
                      ]
                    },
                    "CanBeChanged": {
                      "type": [
                        "boolean",
                        "null"
                      ]
                    },
                    "ManagedPropertyLogicalName": {
                      "type": [
                        "string",
                        "null"
                      ]
                    }
                  }
                },
                "IsRenameable": {
                  "type": "object",
                  "properties": {
                    "Value": {
                      "type": [
                        "boolean",
                        "null"
                      ]
                    },
                    "CanBeChanged": {
                      "type": [
                        "boolean",
                        "null"
                      ]
                    },
                    "ManagedPropertyLogicalName": {
                      "type": [
                        "string",
                        "null"
                      ]
                    }
                  }
                },
                "IsMappable": {
                  "type": "object",
                  "properties": {
                    "Value": {
                      "type": [
                        "boolean",
                        "null"
                      ]
                    },
                    "CanBeChanged": {
                      "type": [
                        "boolean",
                        "null"
                      ]
                    },
                    "ManagedPropertyLogicalName": {
                      "type": [
                        "string",
                        "null"
                      ]
                    }
                  }
                },
                "IsDuplicateDetectionEnabled": {
                  "type": "object",
                  "properties": {
                    "Value": {
                      "type": [
                        "boolean",
                        "null"
                      ]
                    },
                    "CanBeChanged": {
                      "type": [
                        "boolean",
                        "null"
                      ]
                    },
                    "ManagedPropertyLogicalName": {
                      "type": [
                        "string",
                        "null"
                      ]
                    }
                  }
                },
                "CanCreateAttributes": {
                  "type": "object",
                  "properties": {
                    "Value": {
                      "type": [
                        "boolean",
                        "null"
                      ]
                    },
                    "CanBeChanged": {
                      "type": [
                        "boolean",
                        "null"
                      ]
                    },
                    "ManagedPropertyLogicalName": {
                      "type": [
                        "string",
                        "null"
                      ]
                    }
                  }
                },
                "CanCreateForms": {
                  "type": "object",
                  "properties": {
                    "Value": {
                      "type": [
                        "boolean",
                        "null"
                      ]
                    },
                    "CanBeChanged": {
                      "type": [
                        "boolean",
                        "null"
                      ]
                    },
                    "ManagedPropertyLogicalName": {
                      "type": [
                        "string",
                        "null"
                      ]
                    }
                  }
                },
                "CanCreateViews": {
                  "type": "object",
                  "properties": {
                    "Value": {
                      "type": [
                        "boolean",
                        "null"
                      ]
                    },
                    "CanBeChanged": {
                      "type": [
                        "boolean",
                        "null"
                      ]
                    },
                    "ManagedPropertyLogicalName": {
                      "type": [
                        "string",
                        "null"
                      ]
                    }
                  }
                },
                "CanCreateCharts": {
                  "type": "object",
                  "properties": {
                    "Value": {
                      "type": [
                        "boolean",
                        "null"
                      ]
                    },
                    "CanBeChanged": {
                      "type": [
                        "boolean",
                        "null"
                      ]
                    },
                    "ManagedPropertyLogicalName": {
                      "type": [
                        "string",
                        "null"
                      ]
                    }
                  }
                },
                "CanBeRelatedEntityInRelationship": {
                  "type": "object",
                  "properties": {
                    "Value": {
                      "type": [
                        "boolean",
                        "null"
                      ]
                    },
                    "CanBeChanged": {
                      "type": [
                        "boolean",
                        "null"
                      ]
                    },
                    "ManagedPropertyLogicalName": {
                      "type": [
                        "string",
                        "null"
                      ]
                    }
                  }
                },
                "CanBePrimaryEntityInRelationship": {
                  "type": "object",
                  "properties": {
                    "Value": {
                      "type": [
                        "boolean",
                        "null"
                      ]
                    },
                    "CanBeChanged": {
                      "type": [
                        "boolean",
                        "null"
                      ]
                    },
                    "ManagedPropertyLogicalName": {
                      "type": [
                        "string",
                        "null"
                      ]
                    }
                  }
                },
                "CanBeInManyToMany": {
                  "type": "object",
                  "properties": {
                    "Value": {
                      "type": [
                        "boolean",
                        "null"
                      ]
                    },
                    "CanBeChanged": {
                      "type": [
                        "boolean",
                        "null"
                      ]
                    },
                    "ManagedPropertyLogicalName": {
                      "type": [
                        "string",
                        "null"
                      ]
                    }
                  }
                },
                "CanBeInCustomEntityAssociation": {
                  "type": "object",
                  "properties": {
                    "Value": {
                      "type": [
                        "boolean",
                        "null"
                      ]
                    },
                    "CanBeChanged": {
                      "type": [
                        "boolean",
                        "null"
                      ]
                    },
                    "ManagedPropertyLogicalName": {
                      "type": [
                        "string",
                        "null"
                      ]
                    }
                  }
                },
                "CanEnableSyncToExternalSearchIndex": {
                  "type": "object",
                  "properties": {
                    "Value": {
                      "type": [
                        "boolean",
                        "null"
                      ]
                    },
                    "CanBeChanged": {
                      "type": [
                        "boolean",
                        "null"
                      ]
                    },
                    "ManagedPropertyLogicalName": {
                      "type": [
                        "string",
                        "null"
                      ]
                    }
                  }
                },
                "CanModifyAdditionalSettings": {
                  "type": "object",
                  "properties": {
                    "Value": {
                      "type": [
                        "boolean",
                        "null"
                      ]
                    },
                    "CanBeChanged": {
                      "type": [
                        "boolean",
                        "null"
                      ]
                    },
                    "ManagedPropertyLogicalName": {
                      "type": [
                        "string",
                        "null"
                      ]
                    }
                  }
                },
                "CanChangeHierarchicalRelationship": {
                  "type": "object",
                  "properties": {
                    "Value": {
                      "type": [
                        "boolean",
                        "null"
                      ]
                    },
                    "CanBeChanged": {
                      "type": [
                        "boolean",
                        "null"
                      ]
                    },
                    "ManagedPropertyLogicalName": {
                      "type": [
                        "string",
                        "null"
                      ]
                    }
                  }
                },
                "CanChangeTrackingBeEnabled": {
                  "type": "object",
                  "properties": {
                    "Value": {
                      "type": [
                        "boolean",
                        "null"
                      ]
                    },
                    "CanBeChanged": {
                      "type": [
                        "boolean",
                        "null"
                      ]
                    },
                    "ManagedPropertyLogicalName": {
                      "type": [
                        "string",
                        "null"
                      ]
                    }
                  }
                },
                "IsMailMergeEnabled": {
                  "type": "object",
                  "properties": {
                    "Value": {
                      "type": [
                        "boolean",
                        "null"
                      ]
                    },
                    "CanBeChanged": {
                      "type": [
                        "boolean",
                        "null"
                      ]
                    },
                    "ManagedPropertyLogicalName": {
                      "type": [
                        "string",
                        "null"
                      ]
                    }
                  }
                },
                "IsVisibleInMobile": {
                  "type": "object",
                  "properties": {
                    "Value": {
                      "type": [
                        "boolean",
                        "null"
                      ]
                    },
                    "CanBeChanged": {
                      "type": [
                        "boolean",
                        "null"
                      ]
                    },
                    "ManagedPropertyLogicalName": {
                      "type": [
                        "string",
                        "null"
                      ]
                    }
                  }
                },
                "IsVisibleInMobileClient": {
                  "type": "object",
                  "properties": {
                    "Value": {
                      "type": [
                        "boolean",
                        "null"
                      ]
                    },
                    "CanBeChanged": {
                      "type": [
                        "boolean",
                        "null"
                      ]
                    },
                    "ManagedPropertyLogicalName": {
                      "type": [
                        "string",
                        "null"
                      ]
                    }
                  }
                },
                "IsReadOnlyInMobileClient": {
                  "type": "object",
                  "properties": {
                    "Value": {
                      "type": [
                        "boolean",
                        "null"
                      ]
                    },
                    "CanBeChanged": {
                      "type": [
                        "boolean",
                        "null"
                      ]
                    },
                    "ManagedPropertyLogicalName": {
                      "type": [
                        "string",
                        "null"
                      ]
                    }
                  }
                },
                "IsOfflineInMobileClient": {
                  "type": "object",
                  "properties": {
                    "Value": {
                      "type": [
                        "boolean",
                        "null"
                      ]
                    },
                    "CanBeChanged": {
                      "type": [
                        "boolean",
                        "null"
                      ]
                    },
                    "ManagedPropertyLogicalName": {
                      "type": [
                        "string",
                        "null"
                      ]
                    }
                  }
                },
                "Privileges": {
                  "type": [
                    "array",
                    "null"
                  ],
                  "items": {
                    "type": "object",
                    "properties": {
                      "CanBeBasic": {
                        "type": [
                          "boolean",
                          "null"
                        ]
                      },
                      "CanBeDeep": {
                        "type": [
                          "boolean",
                          "null"
                        ]
                      },
                      "CanBeGlobal": {
                        "type": [
                          "boolean",
                          "null"
                        ]
                      },
                      "CanBeLocal": {
                        "type": [
                          "boolean",
                          "null"
                        ]
                      },
                      "CanBeEntityReference": {
                        "type": [
                          "boolean",
                          "null"
                        ]
                      },
                      "CanBeParentEntityReference": {
                        "type": [
                          "boolean",
                          "null"
                        ]
                      },
                      "CanBeRecordFilter": {
                        "type": [
                          "boolean",
                          "null"
                        ]
                      },
                      "Name": {
                        "type": [
                          "string",
                          "null"
                        ]
                      },
                      "PrivilegeId": {
                        "type": [
                          "string",
                          "null"
                        ]
                      },
                      "PrivilegeType": {
                        "type": [
                          "string",
                          "null"
                        ]
                      }
                    },
                    "required": []
                  }
                },
                "Settings": {
                  "type": [
                    "array",
                    "null"
                  ]
                }
              }
            }
          }
        },
        "列定義を取得する": {
          "runAfter": {
            "テーブル定義の解析": [
              "Succeeded"
            ]
          },
          "metadata": {
            "operationMetadataId": "63154bb3-e103-46cf-b1dd-d748f024912d"
          },
          "type": "OpenApiConnection",
          "inputs": {
            "host": {
              "connectionName": "shared_webcontents_1",
              "operationId": "InvokeHttp",
              "apiId": "/providers/Microsoft.PowerApps/apis/shared_webcontents"
            },
            "parameters": {
              "request/method": "GET",
              "request/url": "@{outputs('OrganizationURI')}/api/data/v9.2/EntityDefinitions(LogicalName='@{variables('名')?['論']}')/Attributes",
              "request/headers": {
                "Content-Type": "application/json; charset=utf-8",
                "OData-MaxVersion": "4.0",
                "OData-Version": "4.0",
                "Accept": "application/json"
              }
            },
            "authentication": "@parameters('$authentication')"
          },
          "description": "@{variables('組URI')}/api/data/v9.2/EntityDefinitions(LogicalName='@{variables('名')?['論']}')/Attributes"
        },
        "列定義の解析": {
          "runAfter": {
            "列定義を取得する": [
              "Succeeded"
            ]
          },
          "metadata": {
            "operationMetadataId": "9184dbb6-fd65-456d-8542-55852889b265"
          },
          "type": "ParseJson",
          "inputs": {
            "content": "@body('列定義を取得する')",
            "schema": {
              "type": "object",
              "properties": {
                "@@odata.context": {
                  "type": [
                    "string",
                    "null"
                  ]
                },
                "value": {
                  "type": [
                    "array",
                    "null"
                  ],
                  "items": {
                    "type": [
                      "object",
                      "null"
                    ],
                    "properties": {
                      "@@odata.type": {
                        "type": [
                          "string",
                          "null"
                        ]
                      },
                      "Targets": {
                        "type": [
                          "array",
                          "null"
                        ],
                        "items": {
                          "type": [
                            "string",
                            "null"
                          ]
                        }
                      },
                      "Format": {
                        "type": [
                          "string",
                          "null"
                        ]
                      },
                      "AttributeOf": {},
                      "AttributeType": {
                        "type": [
                          "string",
                          "null"
                        ]
                      },
                      "ColumnNumber": {
                        "type": [
                          "integer",
                          "null"
                        ]
                      },
                      "DeprecatedVersion": {},
                      "IntroducedVersion": {
                        "type": [
                          "string",
                          "null"
                        ]
                      },
                      "EntityLogicalName": {
                        "type": [
                          "string",
                          "null"
                        ]
                      },
                      "IsCustomAttribute": {
                        "type": [
                          "boolean",
                          "null"
                        ]
                      },
                      "IsPrimaryId": {
                        "type": [
                          "boolean",
                          "null"
                        ]
                      },
                      "IsValidODataAttribute": {
                        "type": [
                          "boolean",
                          "null"
                        ]
                      },
                      "IsPrimaryName": {
                        "type": [
                          "boolean",
                          "null"
                        ]
                      },
                      "IsValidForCreate": {
                        "type": [
                          "boolean",
                          "null"
                        ]
                      },
                      "IsValidForRead": {
                        "type": [
                          "boolean",
                          "null"
                        ]
                      },
                      "IsValidForUpdate": {
                        "type": [
                          "boolean",
                          "null"
                        ]
                      },
                      "CanBeSecuredForRead": {
                        "type": [
                          "boolean",
                          "null"
                        ]
                      },
                      "CanBeSecuredForCreate": {
                        "type": [
                          "boolean",
                          "null"
                        ]
                      },
                      "CanBeSecuredForUpdate": {
                        "type": [
                          "boolean",
                          "null"
                        ]
                      },
                      "IsSecured": {
                        "type": [
                          "boolean",
                          "null"
                        ]
                      },
                      "IsRetrievable": {
                        "type": [
                          "boolean",
                          "null"
                        ]
                      },
                      "IsFilterable": {
                        "type": [
                          "boolean",
                          "null"
                        ]
                      },
                      "IsSearchable": {
                        "type": [
                          "boolean",
                          "null"
                        ]
                      },
                      "IsManaged": {
                        "type": [
                          "boolean",
                          "null"
                        ]
                      },
                      "LinkedAttributeId": {},
                      "LogicalName": {
                        "type": [
                          "string",
                          "null"
                        ]
                      },
                      "IsValidForForm": {
                        "type": [
                          "boolean",
                          "null"
                        ]
                      },
                      "IsRequiredForForm": {
                        "type": [
                          "boolean",
                          "null"
                        ]
                      },
                      "IsValidForGrid": {
                        "type": [
                          "boolean",
                          "null"
                        ]
                      },
                      "SchemaName": {
                        "type": [
                          "string",
                          "null"
                        ]
                      },
                      "ExternalName": {},
                      "IsLogical": {
                        "type": [
                          "boolean",
                          "null"
                        ]
                      },
                      "IsDataSourceSecret": {
                        "type": [
                          "boolean",
                          "null"
                        ]
                      },
                      "InheritsFrom": {},
                      "CreatedOn": {
                        "type": [
                          "string",
                          "null"
                        ]
                      },
                      "ModifiedOn": {
                        "type": [
                          "string",
                          "null"
                        ]
                      },
                      "SourceType": {},
                      "AutoNumberFormat": {},
                      "HasChanged": {},
                      "AttributeTypeName": {
                        "type": [
                          "object",
                          "null"
                        ],
                        "properties": {
                          "Value": {
                            "type": [
                              "string",
                              "null"
                            ]
                          }
                        }
                      },
                      "Description": {
                        "type": [
                          "object",
                          "null"
                        ],
                        "properties": {
                          "LocalizedLabels": {
                            "type": [
                              "array",
                              "null"
                            ],
                            "items": {
                              "type": [
                                "object",
                                "null"
                              ],
                              "properties": {
                                "Label": {
                                  "type": [
                                    "string",
                                    "null"
                                  ]
                                },
                                "LanguageCode": {
                                  "type": [
                                    "integer",
                                    "null"
                                  ]
                                },
                                "IsManaged": {
                                  "type": [
                                    "boolean",
                                    "null"
                                  ]
                                },
                                "HasChanged": {}
                              },
                              "required": []
                            }
                          },
                          "UserLocalizedLabel": {
                            "type": [
                              "object",
                              "null"
                            ],
                            "properties": {
                              "Label": {
                                "type": [
                                  "string",
                                  "null"
                                ]
                              },
                              "LanguageCode": {
                                "type": [
                                  "integer",
                                  "null"
                                ]
                              },
                              "IsManaged": {
                                "type": [
                                  "boolean",
                                  "null"
                                ]
                              },
                              "HasChanged": {}
                            }
                          }
                        }
                      },
                      "DisplayName": {
                        "type": [
                          "object",
                          "null"
                        ],
                        "properties": {
                          "LocalizedLabels": {
                            "type": [
                              "array",
                              "null"
                            ],
                            "items": {
                              "type": [
                                "object",
                                "null"
                              ],
                              "properties": {
                                "Label": {
                                  "type": [
                                    "string",
                                    "null"
                                  ]
                                },
                                "LanguageCode": {
                                  "type": [
                                    "integer",
                                    "null"
                                  ]
                                },
                                "IsManaged": {
                                  "type": [
                                    "boolean",
                                    "null"
                                  ]
                                },
                                "HasChanged": {}
                              },
                              "required": []
                            }
                          },
                          "UserLocalizedLabel": {
                            "type": [
                              "object",
                              "null"
                            ],
                            "properties": {
                              "Label": {
                                "type": [
                                  "string",
                                  "null"
                                ]
                              },
                              "LanguageCode": {
                                "type": [
                                  "integer",
                                  "null"
                                ]
                              },
                              "IsManaged": {
                                "type": [
                                  "boolean",
                                  "null"
                                ]
                              },
                              "HasChanged": {}
                            }
                          }
                        }
                      },
                      "IsAuditEnabled": {
                        "type": [
                          "object",
                          "null"
                        ],
                        "properties": {
                          "Value": {
                            "type": [
                              "boolean",
                              "null"
                            ]
                          },
                          "CanBeChanged": {
                            "type": [
                              "boolean",
                              "null"
                            ]
                          },
                          "ManagedPropertyLogicalName": {
                            "type": [
                              "string",
                              "null"
                            ]
                          }
                        }
                      },
                      "IsGlobalFilterEnabled": {
                        "type": [
                          "object",
                          "null"
                        ],
                        "properties": {
                          "Value": {
                            "type": [
                              "boolean",
                              "null"
                            ]
                          },
                          "CanBeChanged": {
                            "type": [
                              "boolean",
                              "null"
                            ]
                          },
                          "ManagedPropertyLogicalName": {
                            "type": [
                              "string",
                              "null"
                            ]
                          }
                        }
                      },
                      "IsSortableEnabled": {
                        "type": [
                          "object",
                          "null"
                        ],
                        "properties": {
                          "Value": {
                            "type": [
                              "boolean",
                              "null"
                            ]
                          },
                          "CanBeChanged": {
                            "type": [
                              "boolean",
                              "null"
                            ]
                          },
                          "ManagedPropertyLogicalName": {
                            "type": [
                              "string",
                              "null"
                            ]
                          }
                        }
                      },
                      "IsCustomizable": {
                        "type": [
                          "object",
                          "null"
                        ],
                        "properties": {
                          "Value": {
                            "type": [
                              "boolean",
                              "null"
                            ]
                          },
                          "CanBeChanged": {
                            "type": [
                              "boolean",
                              "null"
                            ]
                          },
                          "ManagedPropertyLogicalName": {
                            "type": [
                              "string",
                              "null"
                            ]
                          }
                        }
                      },
                      "IsRenameable": {
                        "type": [
                          "object",
                          "null"
                        ],
                        "properties": {
                          "Value": {
                            "type": [
                              "boolean",
                              "null"
                            ]
                          },
                          "CanBeChanged": {
                            "type": [
                              "boolean",
                              "null"
                            ]
                          },
                          "ManagedPropertyLogicalName": {
                            "type": [
                              "string",
                              "null"
                            ]
                          }
                        }
                      },
                      "IsValidForAdvancedFind": {
                        "type": [
                          "object",
                          "null"
                        ],
                        "properties": {
                          "Value": {
                            "type": [
                              "boolean",
                              "null"
                            ]
                          },
                          "CanBeChanged": {
                            "type": [
                              "boolean",
                              "null"
                            ]
                          },
                          "ManagedPropertyLogicalName": {
                            "type": [
                              "string",
                              "null"
                            ]
                          }
                        }
                      },
                      "RequiredLevel": {
                        "type": [
                          "object",
                          "null"
                        ],
                        "properties": {
                          "Value": {
                            "type": [
                              "string",
                              "null"
                            ]
                          },
                          "CanBeChanged": {
                            "type": [
                              "boolean",
                              "null"
                            ]
                          },
                          "ManagedPropertyLogicalName": {
                            "type": [
                              "string",
                              "null"
                            ]
                          }
                        }
                      },
                      "CanModifyAdditionalSettings": {
                        "type": [
                          "object",
                          "null"
                        ],
                        "properties": {
                          "Value": {
                            "type": [
                              "boolean",
                              "null"
                            ]
                          },
                          "CanBeChanged": {
                            "type": [
                              "boolean",
                              "null"
                            ]
                          },
                          "ManagedPropertyLogicalName": {
                            "type": [
                              "string",
                              "null"
                            ]
                          }
                        }
                      },
                      "Settings": {
                        "type": [
                          "array",
                          "null"
                        ]
                      },
                      "ImeMode": {
                        "type": [
                          "string",
                          "null"
                        ]
                      },
                      "MaxLength": {
                        "type": [
                          "integer",
                          "null"
                        ]
                      },
                      "YomiOf": {},
                      "IsLocalizable": {
                        "type": [
                          "boolean",
                          "null"
                        ]
                      },
                      "DatabaseLength": {
                        "type": [
                          "integer",
                          "null"
                        ]
                      },
                      "FormulaDefinition": {
                        "type": [
                          "string",
                          "null"
                        ]
                      },
                      "SourceTypeMask": {
                        "type": [
                          "integer",
                          "null"
                        ]
                      },
                      "FormatName": {
                        "type": [
                          "object",
                          "null"
                        ],
                        "properties": {
                          "Value": {
                            "type": [
                              "string",
                              "null"
                            ]
                          }
                        }
                      },
                      "MinSupportedValue": {
                        "type": [
                          "string",
                          "null"
                        ]
                      },
                      "MaxSupportedValue": {
                        "type": [
                          "string",
                          "null"
                        ]
                      },
                      "DateTimeBehavior": {
                        "type": [
                          "object",
                          "null"
                        ],
                        "properties": {
                          "Value": {
                            "type": [
                              "string",
                              "null"
                            ]
                          }
                        }
                      },
                      "CanChangeDateTimeBehavior": {
                        "type": [
                          "object",
                          "null"
                        ],
                        "properties": {
                          "Value": {
                            "type": [
                              "boolean",
                              "null"
                            ]
                          },
                          "CanBeChanged": {
                            "type": [
                              "boolean",
                              "null"
                            ]
                          },
                          "ManagedPropertyLogicalName": {
                            "type": [
                              "string",
                              "null"
                            ]
                          }
                        }
                      }
                    },
                    "required": []
                  }
                }
              }
            }
          }
        },
        "OrganizationURI": {
          "runAfter": {
            "Names": [
              "Succeeded"
            ]
          },
          "metadata": {
            "operationMetadataId": "8e1b08a9-cdd8-4e5f-a79e-7fef1a1e384b"
          },
          "type": "Compose",
          "inputs": "https://orgfa5b0cd9.crm7.dynamics.com"
        },
        "列ごとに": {
          "foreach": "@body('列定義の解析')?['value']",
          "actions": {
            "列の解析": {
              "runAfter": {},
              "metadata": {
                "operationMetadataId": "5f52d85c-9cf2-40ee-b67d-958524c565d6"
              },
              "type": "ParseJson",
              "inputs": {
                "content": "@items('列ごとに')",
                "schema": {
                  "type": "object",
                  "properties": {}
                }
              },
              "description": "items('列ごとに')"
            },
            "スイッチ": {
              "runAfter": {
                "列の解析": [
                  "Succeeded"
                ]
              },
              "cases": {
                "複数選択肢列": {
                  "case": "#Microsoft.Dynamics.CRM.MultiSelectPicklistAttributeMetadata",
                  "actions": {
                    "複数選択肢列定義を取得する": {
                      "runAfter": {},
                      "metadata": {
                        "operationMetadataId": "ea93e6e7-f971-49ce-9f89-a8288dd67cbe"
                      },
                      "type": "OpenApiConnection",
                      "inputs": {
                        "host": {
                          "connectionName": "shared_webcontents_1",
                          "operationId": "InvokeHttp",
                          "apiId": "/providers/Microsoft.PowerApps/apis/shared_webcontents"
                        },
                        "parameters": {
                          "request/method": "GET",
                          "request/url": "@{outputs('OrganizationURI')}/api/data/v9.2/EntityDefinitions(LogicalName='@{variables('名')?['論']}')/Attributes(LogicalName='@{items('列ごとに')?['LogicalName']}')/Microsoft.Dynamics.CRM.MultiSelectPicklistAttributeMetadata?$expand=OptionSet,GlobalOptionSet",
                          "request/headers": {
                            "Content-Type": "application/json; charset=utf-8",
                            "OData-MaxVersion": "4.0",
                            "OData-Version": "4.0",
                            "Accept": "application/json"
                          }
                        },
                        "authentication": "@parameters('$authentication')"
                      },
                      "description": "@{outputs('OrganizationURI')}/api/data/v9.2/EntityDefinitions(LogicalName='@{variables('名')?['論']}')/Attributes(LogicalName='@{items('列ごとに')?['LogicalName']}')/Microsoft.Dynamics.CRM.MultiSelectPicklistAttributeMetadata?$expand=OptionSet,GlobalOption"
                    },
                    "Attributesに追加（複数選択肢列）": {
                      "runAfter": {
                        "複数選択肢列定義を取得する": [
                          "Succeeded"
                        ]
                      },
                      "metadata": {
                        "operationMetadataId": "71970a1f-18a4-4258-b935-e8524659c7d0"
                      },
                      "type": "AppendToArrayVariable",
                      "inputs": {
                        "name": "Attributes",
                        "value": "@body('複数選択肢列定義を取得する')"
                      }
                    }
                  }
                },
                "選択肢列": {
                  "case": "#Microsoft.Dynamics.CRM.PicklistAttributeMetadata",
                  "actions": {
                    "選択肢列定義を取得する": {
                      "runAfter": {},
                      "metadata": {
                        "operationMetadataId": "e45f287e-8a13-465f-a6a1-272e6fff65c9"
                      },
                      "type": "OpenApiConnection",
                      "inputs": {
                        "host": {
                          "connectionName": "shared_webcontents_1",
                          "operationId": "InvokeHttp",
                          "apiId": "/providers/Microsoft.PowerApps/apis/shared_webcontents"
                        },
                        "parameters": {
                          "request/method": "GET",
                          "request/url": "@{outputs('OrganizationURI')}/api/data/v9.2/EntityDefinitions(LogicalName='@{variables('名')?['論']}')/Attributes(LogicalName='@{items('列ごとに')?['LogicalName']}')/Microsoft.Dynamics.CRM.PicklistAttributeMetadata?$expand=OptionSet,GlobalOptionSet",
                          "request/headers": {
                            "Content-Type": "application/json; charset=utf-8",
                            "OData-MaxVersion": "4.0",
                            "OData-Version": "4.0",
                            "Accept": "application/json"
                          }
                        },
                        "authentication": "@parameters('$authentication')"
                      },
                      "description": "@{outputs('OrganizationURI')}/api/data/v9.2/EntityDefinitions(LogicalName='@{variables('名')?['論']}')/Attributes(LogicalName='@{items('列ごとに')?['LogicalName']}')/Microsoft.Dynamics.CRM.PicklistAttributeMetadata?$expand=OptionSet,GlobalOptionSet"
                    },
                    "Attributesに追加（選択肢列）": {
                      "runAfter": {
                        "選択肢列定義を取得する": [
                          "Succeeded"
                        ]
                      },
                      "metadata": {
                        "operationMetadataId": "1aaeef7c-329b-44cb-9ba8-55aaeb7851e9"
                      },
                      "type": "AppendToArrayVariable",
                      "inputs": {
                        "name": "Attributes",
                        "value": "@body('選択肢列定義を取得する')"
                      }
                    }
                  }
                },
                "YesNo列": {
                  "case": "#Microsoft.Dynamics.CRM.BooleanAttributeMetadata",
                  "actions": {
                    "YesNo列定義を取得する": {
                      "runAfter": {},
                      "metadata": {
                        "operationMetadataId": "74ff3e05-20e3-4ed3-8052-2b97a6ed29f7"
                      },
                      "type": "OpenApiConnection",
                      "inputs": {
                        "host": {
                          "connectionName": "shared_webcontents_1",
                          "operationId": "InvokeHttp",
                          "apiId": "/providers/Microsoft.PowerApps/apis/shared_webcontents"
                        },
                        "parameters": {
                          "request/method": "GET",
                          "request/url": "@{outputs('OrganizationURI')}/api/data/v9.2/EntityDefinitions(LogicalName='@{variables('名')?['論']}')/Attributes(LogicalName='@{items('列ごとに')?['LogicalName']}')/Microsoft.Dynamics.CRM.BooleanAttributeMetadata?$expand=OptionSet",
                          "request/headers": {
                            "Content-Type": "application/json; charset=utf-8",
                            "OData-MaxVersion": "4.0",
                            "OData-Version": "4.0",
                            "Accept": "application/json"
                          }
                        },
                        "authentication": "@parameters('$authentication')"
                      }
                    },
                    "Attributesに追加（YesNo列）": {
                      "runAfter": {
                        "YesNo列定義を取得する": [
                          "Succeeded"
                        ]
                      },
                      "metadata": {
                        "operationMetadataId": "ae6ff696-881e-4f33-a345-5d85c3f88905"
                      },
                      "type": "AppendToArrayVariable",
                      "inputs": {
                        "name": "Attributes",
                        "value": "@body('YesNo列定義を取得する')"
                      }
                    }
                  }
                }
              },
              "default": {
                "actions": {
                  "Attributesに追加": {
                    "runAfter": {},
                    "metadata": {
                      "operationMetadataId": "67ba7020-adfe-4bc9-9d62-c34c7d7d099d"
                    },
                    "type": "AppendToArrayVariable",
                    "inputs": {
                      "name": "Attributes",
                      "value": "@items('列ごとに')"
                    }
                  }
                }
              },
              "expression": "@coalesce(items('列ごとに')?['@odata.type'], '')",
              "metadata": {
                "operationMetadataId": "6f05629f-9dd3-491c-82d9-366b2ca1c4da"
              },
              "type": "Switch",
              "description": "coalesce(items('列ごとに')?['@odata.type'], '')"
            }
          },
          "runAfter": {
            "列定義の解析": [
              "Succeeded"
            ]
          },
          "metadata": {
            "operationMetadataId": "1b45a59c-6941-495d-81ce-b8bed648e783"
          },
          "type": "Foreach",
          "description": "body('列定義の解析')?['value']"
        },
        "Attributesを初期化する": {
          "runAfter": {},
          "metadata": {
            "operationMetadataId": "6b6c7d64-533c-4746-a644-124b64426fbd"
          },
          "type": "InitializeVariable",
          "inputs": {
            "variables": [
              {
                "name": "Attributes",
                "type": "array"
              }
            ]
          }
        },
        "戻り値": {
          "runAfter": {
            "CSVの作成": [
              "Succeeded"
            ]
          },
          "metadata": {
            "operationMetadataId": "7ebe1532-16a1-4e84-b360-4687f977f7c3"
          },
          "type": "Compose",
          "inputs": "@addProperty(body('テーブル定義の解析'), 'Attributes', variables('Attributes'))",
          "description": "addProperty(body('テーブル定義の解析'), 'Attributes', variables('Attributes'))"
        },
        "CSVの作成": {
          "runAfter": {
            "列ごとに": [
              "Succeeded"
            ]
          },
          "metadata": {
            "operationMetadataId": "60e78531-967c-41f6-9523-e713769b7699"
          },
          "type": "Table",
          "inputs": {
            "from": "@variables('Attributes')",
            "format": "CSV"
          }
        },
        "条件": {
          "actions": {},
          "runAfter": {
            "戻り値": [
              "Succeeded"
            ]
          },
          "else": {
            "actions": {
              "Respond_to_a_Power_App_or_flow": {
                "runAfter": {},
                "metadata": {
                  "operationMetadataId": "8115b134-fa65-40fe-a012-ccf3258fb7f2"
                },
                "type": "Response",
                "kind": "PowerApp",
                "inputs": {
                  "statusCode": 200,
                  "body": {
                    "definition": "@{outputs('戻り値')}",
                    "csv": "@body('CSVの作成')"
                  },
                  "schema": {
                    "type": "object",
                    "properties": {
                      "definition": {
                        "title": "Definition",
                        "x-ms-dynamically-added": true,
                        "type": "string"
                      },
                      "csv": {
                        "title": "CSV",
                        "x-ms-dynamically-added": true,
                        "type": "string"
                      }
                    }
                  }
                }
              }
            }
          },
          "expression": {
            "and": [
              {
                "equals": [
                  1,
                  1
                ]
              }
            ]
          },
          "metadata": {
            "operationMetadataId": "61c3a661-cdd7-4712-8550-238e5e485f5b"
          },
          "type": "If"
        }
      }
    },
    "templateName": ""
  },
  "schemaVersion": "1.0.0.0"
}